Timestamp,Step,Open,High,Low,Close,Volume
2026-05-04 20:44:59,1704067501,32.561016,35.867031,32.407443,35.584168,2078.2
2026-05-04 20:50:03,1704067801,35.734204,37.651378,33.653295,36.497645,1602.34
2026-05-04 20:55:05,1704068101,36.593668,36.795336,31.918325,31.918325,1725.64
2026-05-04 21:00:09,1704068401,32.071159,35.192566,30.813484,33.615027,1361.33
2026-05-04 21:01:18,1704068701,33.366109,35.655886,32.390503,34.55599,1763.63
2026-05-04 21:01:18,1704069001,34.740687,36.7707,31.926048,32.805489,1576.45
2026-05-04 21:01:18,1704069301,32.979046,33.616913,30.45037,30.528122,1324.52
2026-05-04 21:01:18,1704069601,30.713228,30.911632,28.092162,28.674096,1622.24
2026-05-04 21:01:18,1704069901,28.760818,29.004559,26.216398,26.930665,1983.71
2026-05-04 21:01:18,1704070201,26.970155,27.357157,25.191674,25.47488,1546.61
2026-05-04 21:01:18,1704070501,25.439866,26.431376,23.459252,24.091294,2113.75
2026-05-04 21:01:18,1704070801,24.093265,24.093265,20.625173,20.667054,2129.88
2026-05-04 21:01:18,1704071101,20.527341,22.28217,19.729683,21.51656,1673.82
2026-05-04 21:01:18,1704071401,21.410799,23.459276,21.081213,23.459276,1707.45
2026-05-04 21:01:18,1704071701,23.538362,23.585104,19.525106,19.887886,1904.78
2026-05-04 21:01:18,1704072001,19.962388,21.090862,19.519089,19.788569,1270.38
2026-05-04 21:01:18,1704072301,19.7565,20.285229,17.064956,17.156835,2250.38
2026-05-04 21:01:18,1704072601,17.208318,17.479591,16.288912,17.344892,1584.29
2026-05-04 21:01:18,1704072901,17.423902,17.464647,15.730771,16.439051,1778.07
2026-05-04 21:01:18,1704073201,16.446831,17.959725,16.34447,17.959725,1200.44
2026-05-04 21:01:19,1704073501,18.088755,20.142716,17.782303,19.622175,1760.5
2026-05-04 21:01:19,1704073801,19.649752,21.647827,19.36862,20.58394,1798.81
2026-05-04 21:01:19,1704074101,20.614346,21.380138,19.216947,19.627759,1305.83
2026-05-04 21:01:19,1704074401,19.655532,22.733926,19.335473,22.404327,1246.22
2026-05-04 21:01:19,1704074701,22.46652,23.253858,20.932226,21.088678,1562.71
2026-05-04 21:01:19,1704075001,21.031742,22.846358,19.878028,22.365572,1991.5
2026-05-04 21:01:19,1704075301,22.39256,24.140155,22.044701,23.57437,1866.93
2026-05-04 21:01:19,1704075601,23.55015,23.869039,22.185339,22.533002,1440.97
2026-05-04 21:01:19,1704075901,22.666637,23.409976,22.248745,23.110925,2920.08
2026-05-04 21:01:19,1704076201,23.193492,25.097493,21.112548,21.751386,1825.71
2026-05-04 21:01:19,1704076501,21.660329,22.745567,19.871759,20.141059,1603.3
2026-05-04 21:01:19,1704076801,20.143614,23.987254,19.945842,23.932642,1411.3
2026-05-04 21:01:19,1704077101,23.855311,25.15454,23.118169,24.390063,2028.94
2026-05-04 21:01:19,1704077401,24.422234,25.668522,23.838858,24.187936,1236.92
2026-05-04 21:01:19,1704077701,24.137591,26.346987,23.271308,26.21794,2248.83
2026-05-04 21:01:19,1704078001,26.293104,29.892305,26.137532,29.002948,1532.67
2026-05-04 21:01:19,1704078301,28.936187,29.535049,26.28313,26.950304,1743.45
2026-05-04 21:01:19,1704078601,26.974251,26.992973,24.09356,25.616304,1767.81
2026-05-04 21:01:19,1704078901,25.594757,25.661314,22.416915,22.582641,1448.07
2026-05-04 21:01:19,1704079201,22.707784,23.228979,19.247725,19.451327,1225.16
2026-05-04 21:01:19,1704079501,19.340667,20.721426,19.161212,20.721426,1534.15
2026-05-04 21:01:19,1704079801,20.813895,20.943106,18.376688,18.479867,1335.29
2026-05-04 21:01:19,1704080101,18.424279,18.424279,14.892725,15.11615,1577.29
2026-05-04 21:01:19,1704080401,15.159243,16.38362,14.380921,15.561413,1335.01
2026-05-04 21:01:19,1704080701,15.553314,16.162938,14.824545,14.824545,1549.34
2026-05-04 21:01:19,1704081001,14.8278,17.19546,14.730203,17.19546,1490.26
2026-05-04 21:01:19,1704081301,17.16333,17.163725,14.751937,15.192786,2098.46
2026-05-04 21:01:20,1704081601,15.249825,16.94733,14.895691,16.82322,1209.43
2026-05-04 21:01:20,1704081901,16.77068,17.945165,16.041148,16.838222,1540.1
2026-05-04 21:01:20,1704082201,16.8631,18.500866,16.513437,17.763197,1539.37
2026-05-04 21:01:20,1704082501,17.687172,17.912066,15.55793,15.78045,1919.32
2026-05-04 21:01:20,1704082801,15.721933,15.721933,13.688009,14.275845,1786.29
2026-05-04 21:01:20,1704083101,14.281059,14.455352,13.50234,13.852708,2135.26
2026-05-04 21:01:20,1704083401,13.916971,14.873693,13.427633,13.837959,1713.47
2026-05-04 21:01:20,1704083701,13.803707,14.145438,12.247111,12.247111,2183.28
2026-05-04 21:01:20,1704084001,12.146809,12.149514,10.77358,11.3607,1878.82
2026-05-04 21:01:20,1704084301,11.483358,11.688955,10.639908,11.468149,1874.7
2026-05-04 21:01:20,1704084601,11.494729,11.554397,9.422165,9.464933,1782.72
2026-05-04 21:01:20,1704084901,9.467004,9.613075,8.981811,9.277548,1124.25
2026-05-04 21:01:20,1704085201,9.205504,9.616661,8.888763,9.045198,1536.38
2026-05-04 21:01:20,1704085501,9.027346,9.787257,8.832804,9.611181,1473.34
2026-05-04 21:01:20,1704085801,9.534338,9.636012,8.508892,8.559234,2276.96
2026-05-04 21:01:20,1704086101,8.552043,9.658854,8.435734,8.981935,2214.42
2026-05-04 21:01:20,1704086401,8.940798,9.375408,8.599634,8.750918,1933.91
2026-05-04 21:01:20,1704086701,8.756498,9.657908,8.67789,8.773773,1736.1
2026-05-04 21:01:20,1704087001,8.760548,8.898221,7.693559,8.121813,1989.76
2026-05-04 21:01:20,1704087301,8.117455,8.337422,7.888703,8.034298,1767.64
2026-05-04 21:01:20,1704087601,8.020437,8.094329,7.490021,7.688292,2325.2
2026-05-04 21:01:20,1704087901,7.663347,8.287374,7.398562,8.122109,1681.76
2026-05-04 21:01:20,1704088201,8.1223,8.492833,7.76571,7.979161,1397.09
2026-05-04 21:01:20,1704088501,7.944136,8.378179,7.161302,7.260435,2113.85
2026-05-04 21:01:20,1704088801,7.309777,8.098206,7.106537,8.043095,1913.76
2026-05-04 21:01:20,1704089101,8.043005,8.131728,7.422828,8.131728,1759.93
2026-05-04 21:01:20,1704089401,8.141969,8.325227,7.579979,7.883923,1564.3
2026-05-04 21:01:21,1704089701,7.908967,8.025173,7.359921,7.40619,1490.4
2026-05-04 21:01:21,1704090001,7.418997,7.418997,6.156705,6.226026,2308.29
2026-05-04 21:01:21,1704090301,6.235662,6.785626,6.181927,6.280855,2099.09
2026-05-04 21:01:21,1704090601,6.303148,6.920074,6.146371,6.590962,1481.98
2026-05-04 21:01:21,1704090901,6.581002,6.666728,6.268898,6.490908,1184.24
2026-05-04 21:01:21,1704091201,6.50493,6.768655,5.814258,5.987381,1045.89
2026-05-04 21:01:21,1704091501,6.042204,6.462883,5.838882,5.847572,2159.42
2026-05-04 21:01:21,1704091801,5.818815,5.943845,5.209054,5.328811,1868.98
2026-05-04 21:01:21,1704092101,5.310731,5.496423,5.02432,5.048388,2217.91
2026-05-04 21:01:21,1704092401,5.038693,5.55442,5.020969,5.551452,1779.37
2026-05-04 21:01:21,1704092701,5.542575,5.546021,4.676304,4.739027,1778.74
2026-05-04 21:01:21,1704093001,4.744209,5.121073,4.591216,4.633095,1972.32
2026-05-04 21:01:21,1704093301,4.634913,4.692047,4.227717,4.227717,1570.95
2026-05-04 21:01:21,1704093601,4.210792,4.457542,4.112627,4.368258,1415.7
2026-05-04 21:01:21,1704093901,4.394552,4.430157,4.002389,4.241157,2001.55
2026-05-04 21:01:21,1704094201,4.251672,4.414819,4.067421,4.347422,1626.77
2026-05-04 21:01:21,1704094501,4.357981,4.822664,4.279461,4.719626,1451.11
2026-05-04 21:01:21,1704094801,4.745546,5.063325,4.669942,4.669942,1805.79
2026-05-04 21:01:21,1704095101,4.633253,4.954068,4.495969,4.837464,1545.83
2026-05-04 21:01:21,1704095401,4.838851,5.021502,4.548521,4.792581,1408.28
2026-05-04 21:01:21,1704095701,4.792346,4.999039,3.976459,3.976459,2036.18
2026-05-04 21:01:22,1704096001,3.973206,3.974699,3.686946,3.787343,1515.91
2026-05-04 21:01:22,1704096301,3.773484,3.925105,3.584862,3.864192,1402.86
2026-05-04 21:01:22,1704096601,3.852431,4.105075,3.635213,3.650509,1415.51
2026-05-04 21:01:22,1704096901,3.63748,3.962887,3.47532,3.934729,1193.89
2026-05-04 21:01:22,1704097201,3.934531,4.048358,3.561661,4.048358,2229.8
2026-05-04 21:01:22,1704097501,4.014729,4.420784,3.835679,4.267922,1535.59
2026-05-04 21:01:22,1704097801,4.259928,4.359382,4.051714,4.151037,1729.8
2026-05-04 21:01:22,1704098101,4.150381,4.215051,3.896749,3.91946,1952.14
2026-05-04 21:01:22,1704098401,3.928396,4.044062,3.612443,3.62277,1076.36
2026-05-04 21:01:22,1704098701,3.633842,4.20222,3.595741,4.081202,1524.14
2026-05-04 21:01:22,1704099001,4.046808,4.097831,3.730234,3.762896,1866.39
2026-05-04 21:01:22,1704099301,3.763362,3.880344,3.573498,3.880344,2153.68
2026-05-04 21:01:22,1704099601,3.901039,4.405668,3.737159,4.101564,1368.42
2026-05-04 21:01:22,1704099901,4.089456,4.278889,3.927652,3.927652,1814.06
2026-05-04 21:01:22,1704100201,3.939953,3.977622,3.632791,3.779345,1804.74
2026-05-04 21:01:22,1704100501,3.771497,3.951946,3.707329,3.727032,1843.27
2026-05-04 21:01:22,1704100801,3.733462,3.848512,3.519337,3.59976,1598.15
2026-05-04 21:01:22,1704101101,3.595719,4.059753,3.49221,4.059753,2006.92
2026-05-04 21:01:22,1704101401,4.07313,4.394047,4.022621,4.394047,1040.29
2026-05-04 21:01:22,1704101701,4.430006,4.987335,4.430006,4.932942,782.25
2026-05-04 21:01:22,1704102001,4.935335,5.402872,4.720299,4.834516,1588.36
2026-05-04 21:01:22,1704102301,4.846686,5.385563,4.823817,5.366738,1508.97
2026-05-04 21:01:22,1704102601,5.394354,5.623825,5.246222,5.503863,1694.88
2026-05-04 21:01:23,1704102901,5.517699,5.70517,5.203784,5.36891,1751.15
2026-05-04 21:01:23,1704103201,5.387421,5.577785,5.159343,5.298782,2034.79
2026-05-04 21:01:23,1704103501,5.298373,5.523468,4.940387,5.134408,2012.74
2026-05-04 21:01:23,1704103801,5.129933,5.28381,4.896036,5.093881,1498.89
2026-05-04 21:01:23,1704104101,5.111728,5.458277,4.929836,5.266421,1894.16
2026-05-04 21:01:23,1704104401,5.283844,5.759972,5.207178,5.319559,1761.54
2026-05-04 21:01:23,1704104701,5.286882,5.287633,4.943158,5.104659,2011.26
2026-05-04 21:01:23,1704105001,5.127392,6.01414,4.885867,5.723583,1342.29
2026-05-04 21:01:23,1704105301,5.721858,6.200841,5.678938,5.745231,1600.05
2026-05-04 21:01:23,1704105601,5.701196,6.173433,5.618395,5.706298,1388.91
2026-05-04 21:01:23,1704105901,5.693694,5.817216,5.036692,5.358897,1985.89
2026-05-04 21:01:23,1704106201,5.361252,5.969297,5.22415,5.945318,1584.79
2026-05-04 21:01:23,1704106501,5.929941,6.160674,5.442542,5.474575,1417.12
2026-05-04 21:01:23,1704106801,5.50405,5.698983,5.00212,5.207122,1705.87
2026-05-04 21:01:23,1704107101,5.229571,5.611101,5.058401,5.071752,1618.18
2026-05-04 21:01:23,1704107401,5.091807,5.091807,4.589743,4.636516,1788.8
2026-05-04 21:01:23,1704107701,4.595484,4.981045,4.473521,4.962374,1755.01
2026-05-04 21:01:23,1704108001,5.008968,5.125007,4.74945,4.981761,1501.89
2026-05-04 21:01:23,1704108301,4.997502,4.997502,4.426828,4.526849,1700.95
2026-05-04 21:01:24,1704108601,4.53388,5.152927,4.511932,4.969003,1638.63
2026-05-04 21:01:24,1704108901,4.992174,4.992174,4.645943,4.827318,1612.69
2026-05-04 21:01:24,1704109201,4.831289,5.233919,4.704794,5.197373,1444.99
2026-05-04 21:01:24,1704109501,5.189665,5.664081,5.004558,5.345442,1626.41
2026-05-04 21:01:24,1704109801,5.294476,6.183492,5.294444,5.45525,2279.04
2026-05-04 21:01:24,1704110101,5.419698,6.0028,5.176121,5.986064,2147.93
2026-05-04 21:01:24,1704110401,5.984749,6.763702,5.956183,6.558096,1334.66
2026-05-04 21:01:24,1704110701,6.551896,6.693315,5.836036,5.883772,1584.17
2026-05-04 21:01:24,1704111001,5.984996,6.169046,5.443139,5.767583,1740.47
2026-05-04 21:01:24,1704111301,5.758468,5.784726,5.221467,5.416181,1663.24
2026-05-04 21:01:24,1704111601,5.406644,5.458646,5.10244,5.409351,1134.89
2026-05-04 21:01:24,1704111901,5.420724,5.908551,5.285324,5.762607,2031.12
2026-05-04 21:01:24,1704112201,5.749575,6.111603,5.630143,5.739053,2256.44
2026-05-04 21:01:24,1704112501,5.76556,6.069007,5.248578,5.556309,1186.28
2026-05-04 21:01:24,1704112801,5.479105,5.951323,5.4386,5.937922,2080.61
2026-05-04 21:01:24,1704113101,5.940469,6.110809,5.643678,5.970887,1696.68
2026-05-04 21:01:24,1704113401,5.956231,6.764455,5.866005,6.485313,1715.8
2026-05-04 21:01:24,1704113701,6.523078,6.746625,5.716471,5.7374,2133.84
2026-05-04 21:01:24,1704114001,5.712452,6.308385,5.512498,5.621596,1714.94
2026-05-04 21:01:24,1704114301,5.622142,6.027197,5.512189,5.755224,1541.03
2026-05-04 21:01:24,1704114601,5.807252,6.317707,5.763687,6.185912,1958.35
2026-05-04 21:01:24,1704114901,6.183274,6.448705,5.916133,6.198282,1983.56
2026-05-04 21:01:24,1704115201,6.171688,6.359425,5.617685,6.081992,1500.8
2026-05-04 21:01:25,1704115501,6.103904,6.169092,5.278239,5.332852,1780.61
2026-05-04 21:01:25,1704115801,5.337059,5.523334,5.170873,5.32538,1537.16
2026-05-04 21:01:25,1704116101,5.313975,5.831642,5.313975,5.756753,1198.01
2026-05-04 21:01:25,1704116401,5.742855,5.850622,5.363992,5.478466,1909.58
2026-05-04 21:01:25,1704116701,5.466305,5.640608,4.958986,5.447608,1741.8
2026-05-04 21:01:25,1704117001,5.420173,5.491658,4.878923,5.410396,1738.15
2026-05-04 21:01:25,1704117301,5.460751,5.590188,5.123197,5.363759,1579.91
2026-05-04 21:01:25,1704117601,5.397929,5.682372,4.595407,4.772675,1224.16
2026-05-04 21:01:25,1704117901,4.758854,5.169954,4.583647,5.032754,1539.03
2026-05-04 21:01:25,1704118201,5.009538,5.522518,4.904931,5.394815,1956.24
2026-05-04 21:01:25,1704118501,5.433121,5.601504,4.711649,4.777152,2285.39
2026-05-04 21:01:25,1704118801,4.769405,5.559542,4.757658,5.378112,1635.57
2026-05-04 21:01:25,1704119101,5.354716,5.954113,5.264505,5.841605,1291.33
2026-05-04 21:01:25,1704119401,5.813716,6.249913,5.551946,5.824102,1662.67
2026-05-04 21:01:25,1704119701,5.797832,6.885266,5.710402,6.810055,2210.43
2026-05-04 21:01:25,1704120001,6.808248,7.072631,6.424,6.514688,1290.01
2026-05-04 21:01:25,1704120301,6.514081,7.112681,6.406201,6.874413,1105.81
2026-05-04 21:01:25,1704120601,6.860944,8.638638,6.813002,8.512794,2016.0
2026-05-04 21:01:25,1704120901,8.523266,8.958657,8.388177,8.563443,1819.39
2026-05-04 21:01:25,1704121201,8.557181,8.742913,7.986395,8.114501,1644.6
2026-05-04 21:01:26,1704121501,8.0703,8.34642,7.437246,7.437246,1452.46
2026-05-04 21:01:26,1704121801,7.446803,7.619403,6.470486,6.783946,1886.34
2026-05-04 21:01:26,1704122101,6.855259,7.275478,6.580706,6.920092,1539.5
2026-05-04 21:01:26,1704122401,6.807195,6.807195,5.95989,6.036565,1810.89
2026-05-04 21:01:26,1704122701,6.009692,6.052957,5.262194,5.385798,2259.21
2026-05-04 21:01:26,1704123001,5.375863,5.79511,5.214032,5.645455,1603.27
2026-05-04 21:01:26,1704123301,5.626496,5.88147,5.439432,5.670721,2418.33
2026-05-04 21:01:26,1704123601,5.620745,5.725094,5.334462,5.508537,1764.85
2026-05-04 21:01:26,1704123901,5.500283,5.714901,5.370381,5.627046,1537.2
2026-05-04 21:01:26,1704124201,5.586616,6.058751,5.397814,5.598817,1135.42
2026-05-04 21:01:26,1704124501,5.636101,5.960851,5.584006,5.589271,1431.98
2026-05-04 21:01:26,1704124801,5.586655,5.668108,4.877301,4.98129,1940.39
2026-05-04 21:01:26,1704125101,4.977575,5.483185,4.853752,5.230601,1787.39
2026-05-04 21:01:26,1704125401,5.250675,5.642376,5.111792,5.49918,1653.45
2026-05-04 21:01:26,1704125701,5.513082,5.525275,4.82928,4.911358,1706.63
2026-05-04 21:01:26,1704126001,4.908331,5.747439,4.908331,5.225322,1750.43
2026-05-04 21:01:26,1704126301,5.255573,5.277589,4.86326,4.8719,1329.97
2026-05-04 21:01:27,1704126601,4.917689,5.479362,4.884366,5.478481,1496.22
2026-05-04 21:01:27,1704126901,5.489411,6.572455,5.474974,6.462373,1587.13
2026-05-04 21:01:27,1704127201,6.460798,6.714539,6.240278,6.634291,1317.34
2026-05-04 21:01:27,1704127501,6.594387,6.690827,6.147566,6.147566,1782.11
2026-05-04 21:01:27,1704127801,6.164888,6.328599,5.680377,6.310222,2434.01
2026-05-04 21:01:27,1704128101,6.313284,6.994284,6.128175,6.582493,2068.31
2026-05-04 21:01:27,1704128401,6.584169,7.044462,6.255355,6.856348,2043.58
2026-05-04 21:01:27,1704128701,6.825301,7.255628,6.692618,7.147658,1964.12
2026-05-04 21:01:27,1704129001,7.166792,7.166792,6.410759,6.565208,1299.12
2026-05-04 21:01:27,1704129301,6.57723,6.738067,6.240245,6.72293,2059.99
2026-05-04 21:01:27,1704129601,6.703927,6.739582,6.050423,6.474638,2701.85
2026-05-04 21:01:27,1704129901,6.47027,6.622433,5.999533,6.2877,1561.24
2026-05-04 21:01:27,1704130201,6.26239,6.990666,6.2055,6.792641,2448.18
2026-05-04 21:01:27,1704130501,6.807724,6.890072,5.901761,6.174307,1388.05
2026-05-04 21:01:28,1704130801,6.182709,7.758622,6.146675,7.613018,1777.72
2026-05-04 21:01:29,1704131101,7.613344,7.632275,6.977393,7.227226,2033.83
2026-05-04 21:01:29,1704131401,7.256541,7.470816,6.710946,7.114436,1446.55
2026-05-04 21:01:30,1704131701,7.165689,7.336727,6.71326,6.810411,1626.26
2026-05-04 21:01:31,1704132001,6.816965,7.053282,6.470686,6.650799,2001.44
2026-05-04 21:01:31,1704132301,6.698934,6.803076,5.991052,6.100255,1487.1
2026-05-04 21:01:32,1704132601,6.098265,6.471202,5.428669,5.457526,1907.49
2026-05-04 21:01:32,1704132901,5.50973,6.426668,5.50973,6.054251,1320.47
2026-05-04 21:01:33,1704133201,6.076529,6.151498,5.576927,5.805163,1906.97
2026-05-04 21:01:34,1704133501,5.814518,6.56766,5.814518,6.33369,1424.33
2026-05-04 21:01:34,1704133801,6.288156,6.592962,6.100644,6.556116,1267.49
2026-05-04 21:01:35,1704134101,6.531237,6.764685,6.164856,6.223512,1893.39
2026-05-04 21:01:36,1704134401,6.216143,6.750902,6.056515,6.560979,1950.64
2026-05-04 21:01:36,1704134701,6.540643,6.557443,6.039629,6.417472,1743.85
2026-05-04 21:01:37,1704135001,6.426306,6.988331,6.003991,6.985656,2336.79
2026-05-04 21:01:37,1704135301,6.990333,6.990333,5.620948,5.688351,1782.61
2026-05-04 21:01:38,1704135601,5.674776,5.781599,4.98641,5.041218,2272.29
2026-05-04 21:01:39,1704135901,5.013809,5.124125,4.639025,4.725081,1729.04
2026-05-04 21:01:39,1704136201,4.713089,5.084992,4.676117,4.955767,2032.54
2026-05-04 21:01:40,1704136501,4.971863,5.193575,4.669046,5.038968,2010.05
2026-05-04 21:01:40,1704136801,5.045159,5.287765,4.956338,5.160023,1157.77
2026-05-04 21:01:41,1704137101,5.14447,5.807433,4.963369,5.538526,1297.72
2026-05-04 21:01:42,1704137401,5.537562,6.006176,5.478229,5.835497,2196.55
2026-05-04 21:01:42,1704137701,5.855298,6.107991,5.657749,5.851103,1440.38
2026-05-04 21:01:43,1704138001,5.847743,5.970089,5.571498,5.635167,2116.73
2026-05-04 21:01:43,1704138301,5.606824,5.95547,5.430588,5.825043,1860.54
2026-05-04 21:01:44,1704138601,5.86413,5.893193,5.030912,5.218378,1897.82
2026-05-04 21:01:45,1704138901,5.210996,5.452458,4.971638,5.348701,2121.79
2026-05-04 21:01:45,1704139201,5.357005,5.723468,5.237546,5.385887,1720.09
2026-05-04 21:01:46,1704139501,5.40627,5.81106,5.350362,5.770647,1497.1
2026-05-04 21:01:47,1704139801,5.764365,6.12326,5.644952,6.002922,1558.74
2026-05-04 21:01:47,1704140101,6.036336,6.730927,5.832419,5.878914,1567.75
2026-05-04 21:01:48,1704140401,5.856075,5.856075,5.248271,5.701169,963.37
2026-05-04 21:01:48,1704140701,5.683102,6.192484,5.343103,6.107054,1168.61
2026-05-04 21:01:49,1704141001,6.132007,6.336941,5.757694,5.947904,1614.41
2026-05-04 21:01:50,1704141301,5.922952,6.383804,5.896487,6.296144,2481.43
2026-05-04 21:01:50,1704141601,6.310487,7.32503,6.310487,7.097605,1003.74
2026-05-04 21:01:51,1704141901,7.043436,7.082646,6.412776,6.412776,1341.13
2026-05-04 21:01:52,1704142201,6.388962,7.282464,6.234404,6.999145,1426.38
2026-05-04 21:01:52,1704142501,6.989208,7.204461,6.162982,6.175991,1098.04
2026-05-04 21:01:53,1704142801,6.231897,6.444342,5.599863,5.842518,2473.13
2026-05-04 21:01:53,1704143101,5.846312,5.95775,5.400247,5.727585,1494.76
2026-05-04 21:01:54,1704143401,5.740257,5.763073,4.541507,4.71445,1601.16
2026-05-04 21:01:55,1704143701,4.726276,4.967502,4.21726,4.250585,1685.69
2026-05-04 21:01:55,1704144001,4.254584,4.426807,3.866591,3.869147,1416.89
2026-05-04 21:01:58,1704144301,3.87806,3.99963,3.679265,3.880967,1011.92
2026-05-04 21:04:03,1704144601,3.872127,4.037745,3.812153,3.911121,1807.45
2026-05-04 21:09:08,1704144901,3.923192,4.074083,3.71514,4.032426,1393.06
2026-05-04 21:14:14,1704145201,4.044303,4.22986,3.627716,3.778849,1638.82
2026-05-04 21:14:32,1704145501,3.765913,4.299398,3.73444,4.151973,1483.08
2026-05-04 21:14:33,1704145801,4.110574,4.38339,3.951662,4.217051,1185.03
2026-05-04 21:14:33,1704146101,4.21771,4.862385,4.167908,4.862385,1783.37
2026-05-04 21:14:34,1704146401,4.848693,5.216965,4.648386,5.131031,1566.09
2026-05-04 21:14:35,1704146701,5.15746,5.255696,4.616224,4.864821,1669.95
2026-05-04 21:14:35,1704147001,4.884552,5.455228,4.87521,5.405491,1915.56
2026-05-04 21:14:36,1704147301,5.38381,5.877329,5.254003,5.680209,928.77
2026-05-04 21:14:37,1704147601,5.689425,5.823799,5.069879,5.069879,2205.38
2026-05-04 21:14:38,1704147901,5.086201,5.495269,4.945843,5.20304,1138.12
2026-05-04 21:14:38,1704148201,5.192123,5.49997,4.622305,5.369665,1481.98
2026-05-04 21:14:39,1704148501,5.349529,5.636518,4.927989,5.636518,1506.58
2026-05-04 21:14:40,1704148801,5.656274,5.783004,5.12004,5.387482,1840.0
2026-05-04 21:14:40,1704149101,5.37339,5.787299,5.005971,5.130563,2041.49
2026-05-04 21:14:41,1704149401,5.132052,5.929471,5.125531,5.811616,1648.38
2026-05-04 21:14:42,1704149701,5.895191,6.065671,5.2694,5.307371,1946.34
2026-05-04 21:14:42,1704150001,5.325064,5.386947,4.520366,4.644054,1414.54
2026-05-04 21:14:43,1704150301,4.643367,4.758372,3.817533,3.833648,1933.97
2026-05-04 21:14:43,1704150601,3.846886,3.935643,3.628893,3.85048,1697.6
2026-05-04 21:14:44,1704150901,3.875759,4.043246,3.546181,3.836661,1342.86
2026-05-04 21:14:45,1704151201,3.818547,3.949135,3.674091,3.728724,2201.37
2026-05-04 21:14:45,1704151501,3.7052,3.780111,3.38802,3.499473,2497.76
2026-05-04 21:14:46,1704151801,3.493471,3.598655,3.330217,3.458229,2057.37
2026-05-04 21:14:46,1704152101,3.434501,3.754965,3.395149,3.583098,2195.87
2026-05-04 21:14:47,1704152401,3.585954,3.608648,3.196591,3.396854,2197.83
2026-05-04 21:14:48,1704152701,3.37297,3.643914,3.228089,3.42651,1878.08
2026-05-04 21:14:48,1704153001,3.437272,3.802982,3.374529,3.723041,1908.73
2026-05-04 21:14:49,1704153301,3.692148,3.882979,3.5683,3.606221,1650.54
2026-05-04 21:14:49,1704153601,3.600967,3.620731,2.87741,2.88612,1646.09
2026-05-04 21:14:50,1704153901,2.89632,3.200317,2.879023,3.1689,1505.73
2026-05-04 21:14:51,1704154201,3.167365,3.446291,3.13369,3.297257,2339.83
2026-05-04 21:14:51,1704154501,3.310564,3.97403,3.285412,3.778941,1895.46
2026-05-04 21:14:52,1704154801,3.79248,4.160575,3.778439,3.872476,1292.01
2026-05-04 21:14:52,1704155101,3.859406,4.111446,3.730146,3.851328,1565.41
2026-05-04 21:14:53,1704155401,3.872853,3.983573,3.483991,3.502998,1930.47
2026-05-04 21:14:54,1704155701,3.491996,4.293849,3.490192,4.240865,1837.6
2026-05-04 21:14:54,1704156001,4.224223,4.682079,4.13089,4.682079,1917.53
2026-05-04 21:14:55,1704156301,4.680849,4.680849,4.101883,4.212808,1617.81
2026-05-04 21:14:55,1704156601,4.20395,4.737116,4.128069,4.538958,2689.42
2026-05-04 21:14:56,1704156901,4.547321,4.663677,4.061912,4.06371,1613.35
2026-05-04 21:14:57,1704157201,4.063737,4.180952,3.746921,3.958559,1744.16
2026-05-04 21:14:57,1704157501,3.939864,4.218301,3.817289,3.91488,1730.76
2026-05-04 21:14:58,1704157801,3.907835,4.048209,3.677651,3.677651,1537.37
2026-05-04 21:14:59,1704158101,3.677779,3.704779,3.319838,3.412584,2050.86
2026-05-04 21:14:59,1704158401,3.399331,3.419845,3.083324,3.344892,2057.64
2026-05-04 21:15:00,1704158701,3.343791,3.343791,3.162564,3.27732,1371.03
2026-05-04 21:15:01,1704159001,3.263042,3.534944,3.263042,3.403913,1962.27
2026-05-04 21:15:01,1704159301,3.40528,3.490817,3.135158,3.392494,1869.98
2026-05-04 21:15:02,1704159601,3.395349,3.53801,3.083598,3.258542,1720.16
2026-05-04 21:15:03,1704159901,3.239944,3.326943,2.933642,3.0908,2271.78
2026-05-04 21:15:03,1704160201,3.077262,3.092687,2.801937,2.814829,2258.32
2026-05-04 21:15:04,1704160501,2.807233,3.331243,2.807233,3.277594,1167.13
2026-05-04 21:15:05,1704160801,3.281848,3.587909,3.281848,3.438707,1243.91
2026-05-04 21:15:05,1704161101,3.416278,3.459238,3.175026,3.287478,1655.39
2026-05-04 21:15:06,1704161401,3.288358,3.616682,3.263052,3.518938,1283.03
2026-05-04 21:15:07,1704161701,3.525643,4.076168,3.525643,3.922464,2253.28
2026-05-04 21:15:07,1704162001,3.924982,4.341875,3.79098,4.281036,2219.1
2026-05-04 21:15:08,1704162301,4.278403,4.362248,3.933319,4.087444,1220.73
2026-05-04 21:15:08,1704162601,4.08415,4.136057,3.731553,3.95981,1823.76
2026-05-04 21:15:09,1704162901,3.948775,4.240852,3.814113,3.96199,1113.77
2026-05-04 21:15:10,1704163201,3.96657,4.052171,3.81814,3.947338,1957.32
2026-05-04 21:15:10,1704163501,3.96779,4.428676,3.928973,4.358218,1428.29
2026-05-04 21:15:11,1704163801,4.398189,4.993738,4.397582,4.741804,1040.16
2026-05-04 21:15:12,1704164101,4.705547,4.990755,4.56946,4.713397,1887.98
2026-05-04 21:15:12,1704164401,4.69039,5.521331,4.580463,5.296827,1709.4
2026-05-04 21:15:13,1704164701,5.285605,5.311387,4.340227,4.340227,2290.43
2026-05-04 21:15:14,1704165001,4.323242,4.579017,4.149533,4.4077,1726.02
2026-05-04 21:15:14,1704165301,4.428303,4.707527,4.081385,4.169845,1733.38
2026-05-04 21:15:15,1704165601,4.164817,4.269508,3.91627,4.174498,1852.39
2026-05-04 21:15:16,1704165901,4.181612,4.349269,3.930085,4.002048,1797.47
2026-05-04 21:15:16,1704166201,3.982884,4.256599,3.791235,4.109243,1947.29
2026-05-04 21:15:17,1704166501,4.124742,4.129762,3.584129,3.971361,1226.82
2026-05-04 21:15:18,1704166801,3.986794,4.247051,3.938743,4.190699,1945.12
2026-05-04 21:15:19,1704167101,4.188492,4.227093,3.906349,4.040097,1342.26
2026-05-04 21:15:19,1704167401,4.019049,4.106269,3.854596,3.932873,1948.86
2026-05-04 21:15:20,1704167701,3.919823,4.478874,3.839329,4.469688,1664.24
2026-05-04 21:15:21,1704168001,4.475007,4.889307,4.312616,4.865953,1910.8
2026-05-04 21:15:21,1704168301,4.831883,5.013234,4.546068,4.651332,1743.11
2026-05-04 21:15:22,1704168601,4.624948,4.895884,4.49184,4.61291,1650.82
2026-05-04 21:15:22,1704168901,4.604113,4.677165,4.019365,4.104787,2012.62
2026-05-04 21:15:23,1704169201,4.093441,4.233869,3.799806,4.154557,1526.68
2026-05-04 21:15:24,1704169501,4.131864,4.234148,3.359389,3.926373,913.35
2026-05-04 21:15:25,1704169801,3.958856,4.288608,3.887704,4.196708,1516.76
2026-05-04 21:15:25,1704170101,4.171845,4.534339,4.171845,4.463817,1351.51
2026-05-04 21:15:26,1704170401,4.465475,4.704395,4.310955,4.529904,1493.32
2026-05-04 21:15:27,1704170701,4.521064,4.647427,4.143163,4.16752,1473.84
2026-05-04 21:15:28,1704171001,4.14534,4.14534,3.832063,3.981013,1369.29
2026-05-04 21:15:28,1704171301,3.992658,4.005616,3.475085,3.806336,2209.26
2026-05-04 21:15:29,1704171601,3.800035,4.16829,3.674426,3.995405,2221.34
2026-05-04 21:15:29,1704171901,3.973071,4.044921,3.767748,3.787942,1491.41
2026-05-04 21:15:30,1704172201,3.783018,3.893479,3.640323,3.768281,1673.44
2026-05-04 21:15:31,1704172501,3.769964,4.052587,3.546322,4.029198,1501.78
2026-05-04 21:15:32,1704172801,4.018871,4.194683,3.870068,4.194438,1245.63
2026-05-04 21:15:32,1704173101,4.21314,4.510571,4.044151,4.202393,1542.96
2026-05-04 21:15:33,1704173401,4.237806,4.621045,4.171685,4.396147,2012.54
2026-05-04 21:15:34,1704173701,4.406439,4.50968,4.091053,4.124641,1255.61
2026-05-04 21:15:34,1704174001,4.105481,4.199492,3.417035,3.576084,1605.71
2026-05-04 21:15:35,1704174301,3.574881,3.776648,3.24642,3.693685,1046.25
2026-05-04 21:15:36,1704174601,3.654849,3.700477,3.147224,3.327091,1714.83
2026-05-04 21:15:36,1704174901,3.321977,3.385817,3.175267,3.214224,2158.8
2026-05-04 21:15:37,1704175201,3.213895,3.385957,2.95494,3.250441,1995.57
2026-05-04 21:15:38,1704175501,3.257143,3.269106,3.028205,3.18099,1709.1
2026-05-04 21:15:38,1704175801,3.189791,3.400066,3.042331,3.123561,1524.82
2026-05-04 21:15:39,1704176101,3.130556,3.289673,2.917462,2.967678,1732.65
2026-05-04 21:15:40,1704176401,2.971725,3.198174,2.909228,2.960464,1770.35
2026-05-04 21:15:40,1704176701,2.956154,3.054342,2.845882,2.933732,1504.0
2026-05-04 21:15:41,1704177001,2.954274,3.177155,2.92984,3.125934,1356.68
2026-05-04 21:15:42,1704177301,3.11439,3.376504,2.997263,3.333561,1851.22
2026-05-04 21:15:42,1704177601,3.356895,3.416716,2.979003,2.979003,1867.6
2026-05-04 21:15:43,1704177901,2.940887,3.539103,2.878566,3.341887,1879.05
2026-05-04 21:15:44,1704178201,3.347815,3.523941,3.249815,3.298507,2501.82
2026-05-04 21:15:44,1704178501,3.308043,3.521982,3.125531,3.347883,1860.78
2026-05-04 21:15:45,1704178801,3.351442,3.438258,3.096849,3.136157,1676.73
2026-05-04 21:15:46,1704179101,3.146142,3.212355,2.922389,2.998318,1799.7
2026-05-04 21:15:46,1704179401,3.010347,3.150011,2.664409,2.799896,1956.38
2026-05-04 21:15:47,1704179701,2.808113,2.834574,2.597623,2.736674,1336.42
2026-05-04 21:15:48,1704180001,2.724333,2.837453,2.603269,2.781236,1467.92
2026-05-04 21:15:48,1704180301,2.787105,2.940358,2.550309,2.58387,1206.5
2026-05-04 21:15:49,1704180601,2.577398,2.634222,2.263165,2.297549,1347.23
2026-05-04 21:15:50,1704180901,2.295184,2.352756,2.199436,2.279643,1709.91
2026-05-04 21:15:50,1704181201,2.284782,2.498105,2.194956,2.47359,1475.55
2026-05-04 21:15:51,1704181501,2.46444,2.763251,2.410519,2.668459,1198.6
2026-05-04 21:15:52,1704181801,2.665138,3.03889,2.612021,3.03889,1862.04
2026-05-04 21:15:52,1704182101,3.045135,3.045135,2.722319,2.808856,1425.02
2026-05-04 21:15:53,1704182401,2.820611,3.266098,2.799303,3.171141,839.43
2026-05-04 21:15:54,1704182701,3.150319,3.403731,3.144535,3.403616,2169.28
2026-05-04 21:15:54,1704183001,3.400737,3.559017,3.259092,3.538304,1197.29
2026-05-04 21:15:55,1704183301,3.564929,3.639378,3.383329,3.554028,1354.02
2026-05-04 21:15:55,1704183601,3.546454,3.638135,3.32475,3.339928,2234.03
2026-05-04 21:15:56,1704183901,3.352492,3.710824,3.251295,3.638171,1516.6
2026-05-04 21:15:57,1704184201,3.651685,3.811671,3.057608,3.080845,1562.01
2026-05-04 21:15:57,1704184501,3.081756,3.361456,2.943088,3.27106,1931.98
2026-05-04 21:15:58,1704184801,3.255246,3.426912,3.198064,3.304677,949.94
2026-05-04 21:15:59,1704185101,3.305366,3.542424,3.154034,3.336451,1414.14
2026-05-04 21:15:59,1704185401,3.328444,3.89131,3.275291,3.852159,1895.01
2026-05-04 21:16:00,1704185701,3.871296,4.037015,3.801365,3.830326,1183.62
2026-05-04 21:16:00,1704186001,3.832782,4.025258,3.721127,3.819247,1779.46
2026-05-04 21:16:01,1704186301,3.822555,3.921189,3.642025,3.746374,1727.01
2026-05-04 21:16:02,1704186601,3.752769,3.776197,3.408271,3.593095,1940.82
2026-05-04 21:16:02,1704186901,3.597515,3.61027,3.228921,3.323305,1434.99
2026-05-04 21:16:03,1704187201,3.319008,3.840159,3.306155,3.648542,1497.02
2026-05-04 21:16:04,1704187501,3.64987,3.92695,3.605857,3.888239,1589.87
2026-05-04 21:16:04,1704187801,3.890253,3.913055,3.414403,3.731042,2181.89
2026-05-04 21:16:05,1704188101,3.731574,3.800447,3.464861,3.674837,1496.41
2026-05-04 21:16:06,1704188401,3.69224,4.245229,3.659972,4.238225,1429.45
2026-05-04 21:16:06,1704188701,4.219226,4.400799,3.913228,4.205146,1410.26
2026-05-04 21:16:07,1704189001,4.221359,4.895995,4.090313,4.758831,1833.07
2026-05-04 21:16:07,1704189301,4.751876,4.89704,4.452249,4.785692,1825.24
2026-05-04 21:16:08,1704189601,4.791534,4.934966,4.469646,4.527294,1321.46
2026-05-04 21:16:09,1704189901,4.519033,4.759777,4.035605,4.045095,1978.36
2026-05-04 21:16:09,1704190201,4.040338,4.328841,3.562992,3.587003,2277.89
2026-05-04 21:16:10,1704190501,3.572377,4.020887,3.316371,3.852665,1964.48
2026-05-04 21:16:11,1704190801,3.86502,3.985703,3.487697,3.622254,1991.2
2026-05-04 21:16:11,1704191101,3.632824,3.818975,3.444062,3.485943,1601.09
2026-05-04 21:16:12,1704191401,3.465657,3.535797,2.831107,2.871204,2065.83
2026-05-04 21:16:13,1704191701,2.849569,3.191447,2.795744,3.180656,2236.27
2026-05-04 21:16:14,1704192001,3.175377,3.24835,3.050508,3.214138,1398.79
2026-05-04 21:16:15,1704192301,3.217064,3.222133,2.845059,3.130734,2249.44
2026-05-04 21:16:15,1704192601,3.092516,3.5243,3.019759,3.417561,1619.69
2026-05-04 21:16:16,1704192901,3.396031,3.4641,3.03996,3.052954,2054.49
2026-05-04 21:16:17,1704193201,3.018599,3.594089,2.968158,3.463216,1490.51
2026-05-04 21:16:17,1704193501,3.456027,3.456027,3.014333,3.064181,2006.47
2026-05-04 21:16:18,1704193801,3.070736,3.213095,3.003451,3.024607,2102.9
2026-05-04 21:16:19,1704194101,3.008618,3.492091,3.008618,3.299537,1726.48
2026-05-04 21:16:19,1704194401,3.290659,3.346823,2.867726,2.98103,1779.66
2026-05-04 21:16:20,1704194701,3.004074,3.117363,2.946368,3.095445,1483.79
2026-05-04 21:16:21,1704195001,3.094811,3.135907,2.834301,2.881216,1995.19
2026-05-04 21:16:22,1704195301,2.890294,2.947646,2.586745,2.671321,1676.52
2026-05-04 21:16:22,1704195601,2.669284,2.850535,2.638974,2.748282,2385.9
2026-05-04 21:16:23,1704195901,2.740868,2.749262,2.500848,2.585236,2091.49
2026-05-04 21:16:24,1704196201,2.591559,2.619151,2.431126,2.457032,1790.39
2026-05-04 21:16:24,1704196501,2.447219,3.183125,2.428035,3.046172,2041.89
2026-05-04 21:16:25,1704196801,3.048127,3.218501,2.935823,3.000258,1609.28
2026-05-04 21:16:26,1704197101,3.004492,3.073523,2.847401,3.005631,1682.1
2026-05-04 21:16:26,1704197401,3.003495,3.003495,2.732462,2.909061,1430.19
2026-05-04 21:16:27,1704197701,2.921616,3.089221,2.897028,3.054564,1223.21
2026-05-04 21:16:28,1704198001,3.057467,3.401371,2.963853,3.159278,2414.56
2026-05-04 21:16:29,1704198301,3.165072,3.185443,2.824068,3.053144,2080.44
2026-05-04 21:16:29,1704198601,3.07377,3.226989,2.85916,2.961613,1885.94
2026-05-04 21:16:30,1704198901,2.950868,3.239172,2.943572,3.056567,1935.67
2026-05-04 21:16:31,1704199201,3.068418,3.249793,3.001596,3.167281,1478.44
2026-05-04 21:16:31,1704199501,3.181654,3.274695,2.891485,2.984121,1289.18
2026-05-04 21:16:32,1704199801,2.982322,3.596145,2.894979,3.540903,1554.69
2026-05-04 21:16:33,1704200101,3.530069,3.922478,3.452913,3.88233,1460.76
2026-05-04 21:16:33,1704200401,3.873097,3.89908,3.613543,3.74975,1688.37
2026-05-04 21:16:34,1704200701,3.755875,4.044837,3.755875,3.973581,1332.66
2026-05-04 21:16:35,1704201001,3.95891,3.979503,3.512206,3.730436,1427.37
2026-05-04 21:16:35,1704201301,3.731921,4.052312,3.652286,3.960773,1627.33
2026-05-04 21:16:36,1704201601,3.953571,3.999326,3.671697,3.937616,1679.39
2026-05-04 21:16:37,1704201901,3.966279,4.079405,3.760575,3.829694,1492.23
2026-05-04 21:16:37,1704202201,3.827082,3.90122,3.640862,3.664137,1772.73
2026-05-04 21:16:38,1704202501,3.664318,3.95096,3.59733,3.826299,1985.88
2026-05-04 21:16:39,1704202801,3.836377,3.943672,3.627799,3.860043,2000.26
2026-05-04 21:16:39,1704203101,3.833178,3.939164,3.564754,3.708003,1676.88
2026-05-04 21:16:40,1704203401,3.722549,3.752876,3.355317,3.360775,2093.84
2026-05-04 21:16:41,1704203701,3.343783,3.667279,3.255125,3.505583,2031.5
2026-05-04 21:16:41,1704204001,3.510916,4.068257,3.429596,3.953427,1951.99
2026-05-04 21:16:42,1704204301,3.95152,4.206947,3.777313,3.777941,2060.48
2026-05-04 21:16:43,1704204601,3.752081,3.913011,3.460804,3.485897,1799.49
2026-05-04 21:16:43,1704204901,3.50454,3.585977,3.249771,3.466686,1144.53
2026-05-04 21:16:44,1704205201,3.467924,3.76216,3.395505,3.736174,1158.31
2026-05-04 21:16:44,1704205501,3.744614,3.841319,3.396644,3.660177,1411.11
2026-05-04 21:16:45,1704205801,3.644015,3.699856,3.281058,3.465521,2076.59
2026-05-04 21:16:45,1704206101,3.486301,3.937652,3.447895,3.816147,2013.84
2026-05-04 21:16:46,1704206401,3.820195,4.058833,3.707253,3.817423,1443.08
2026-05-04 21:16:46,1704206701,3.799839,4.186208,3.792974,4.146338,1657.99
2026-05-04 21:16:47,1704207001,4.165425,4.257507,3.927276,4.06566,1216.56
2026-05-04 21:16:47,1704207301,4.066857,4.536861,3.969934,4.536861,2083.31
2026-05-04 21:16:48,1704207601,4.573386,4.970024,4.409396,4.528591,2382.0
2026-05-04 21:16:49,1704207901,4.559421,4.892388,4.421758,4.853774,1784.38
2026-05-04 21:16:49,1704208201,4.861298,5.123549,4.441778,4.950148,1709.75
2026-05-04 21:16:50,1704208501,4.899849,5.908686,4.899849,5.579123,1231.0
2026-05-04 21:16:51,1704208801,5.565373,5.913954,5.351595,5.351595,1225.26
2026-05-04 21:16:51,1704209101,5.352641,5.444581,4.863777,4.890814,1812.86
2026-05-04 21:16:52,1704209401,4.878055,4.892204,4.4945,4.600212,2251.43
2026-05-04 21:16:53,1704209701,4.586277,5.801911,4.49929,5.664624,1785.68
2026-05-04 21:16:54,1704210001,5.667781,5.817926,5.276583,5.280308,1317.01
2026-05-04 21:16:55,1704210301,5.294302,5.741625,5.28259,5.456524,1895.53
2026-05-04 21:16:56,1704210601,5.384081,6.04061,5.350658,5.68171,1708.64
2026-05-04 21:16:56,1704210901,5.697208,6.153897,5.475571,5.71304,1320.12
2026-05-04 21:16:57,1704211201,5.728633,5.758898,5.514121,5.549065,2101.37
2026-05-04 21:16:58,1704211501,5.593542,6.515399,5.577093,6.471382,1670.87
2026-05-04 21:16:58,1704211801,6.437719,7.252804,6.437719,6.877895,1268.89
2026-05-04 21:16:59,1704212101,6.877023,7.15417,6.317882,6.367033,1994.7
2026-05-04 21:17:00,1704212401,6.398137,7.034857,6.378298,6.662311,1977.91
2026-05-04 21:17:01,1704212701,6.651328,6.677958,5.739918,5.910066,1455.15
2026-05-04 21:17:01,1704213001,5.877578,6.07586,5.370784,5.581614,1642.34
2026-05-04 21:17:02,1704213301,5.579196,5.611144,5.143587,5.503953,1859.89
2026-05-04 21:17:03,1704213601,5.538313,6.033339,5.495523,5.602389,1760.78
2026-05-04 21:17:04,1704213901,5.67526,6.039036,5.380735,5.873857,1393.19
2026-05-04 21:17:04,1704214201,5.86355,6.477644,5.739082,6.170248,1440.7
2026-05-04 21:17:05,1704214501,6.149943,6.291522,5.495552,5.849918,1622.68
2026-05-04 21:17:06,1704214801,5.836809,5.954653,5.466695,5.727167,1366.22
2026-05-04 21:17:06,1704215101,5.702691,6.160088,5.549244,5.932077,1049.69
2026-05-04 21:17:07,1704215401,5.941454,6.099071,5.658777,5.711197,1356.64
2026-05-04 21:17:08,1704215701,5.715378,5.784616,5.335995,5.685808,1550.85
2026-05-04 21:17:09,1704216001,5.670134,5.821639,5.296096,5.382239,2195.96
2026-05-04 21:17:09,1704216301,5.376362,6.068534,5.361606,5.770443,1546.28
2026-05-04 21:17:10,1704216601,5.769739,5.832071,4.947341,5.469833,1998.16
2026-05-04 21:17:11,1704216901,5.551059,5.985127,5.376397,5.795244,1975.32
2026-05-04 21:17:12,1704217201,5.78898,6.6237,5.69782,6.6237,1411.67
2026-05-04 21:17:12,1704217501,6.615167,7.081155,6.522649,6.645702,1956.01
2026-05-04 21:17:13,1704217801,6.667747,7.230142,6.546458,6.731592,1616.01
2026-05-04 21:17:14,1704218101,6.76602,6.892664,6.292349,6.413833,1667.07
2026-05-04 21:17:14,1704218401,6.446618,6.556594,5.883458,6.288549,1967.49
2026-05-04 21:17:15,1704218701,6.321027,7.175551,6.20446,7.120917,1874.14
2026-05-04 21:17:16,1704219001,7.140544,7.476465,6.999369,7.222033,1713.78
2026-05-04 21:17:16,1704219301,7.185841,8.4508,7.111409,8.411303,1484.73
2026-05-04 21:17:17,1704219601,8.477445,9.38918,8.46111,8.754409,1316.01
2026-05-04 21:17:18,1704219901,8.770411,9.799396,8.668965,9.799396,1132.57
2026-05-04 21:17:18,1704220201,9.838377,10.214496,8.857623,9.078969,1056.95
2026-05-04 21:17:19,1704220501,9.125905,10.197493,8.990193,9.880818,1479.51
2026-05-04 21:17:20,1704220801,9.903293,11.275478,9.589683,11.247204,1603.87
2026-05-04 21:17:21,1704221101,11.227418,12.039262,10.722455,11.491392,1440.74
2026-05-04 21:17:21,1704221401,11.485107,11.61454,10.567585,11.057904,1311.13
2026-05-04 21:17:22,1704221701,10.950739,11.161678,9.315653,9.753286,1317.52
2026-05-04 21:17:22,1704222001,9.751089,10.209849,9.482826,9.95221,1554.99
2026-05-04 21:17:23,1704222301,9.924495,10.533005,9.57688,10.533005,2375.42
2026-05-04 21:17:24,1704222601,10.613525,10.934045,10.338243,10.68271,1004.45
2026-05-04 21:17:24,1704222901,10.715866,10.856447,9.533912,9.649451,1568.17
2026-05-04 21:17:25,1704223201,9.661155,9.70071,8.935284,9.487938,1617.93
2026-05-04 21:17:26,1704223501,9.493941,10.199043,9.44459,9.599255,1581.52
2026-05-04 21:17:27,1704223801,9.599603,10.921448,9.450728,9.890073,2358.07
2026-05-04 21:17:28,1704224101,9.827018,10.14377,9.290727,9.871324,1425.21
2026-05-04 21:17:28,1704224401,9.926254,10.687797,9.684736,9.882715,1457.11
2026-05-04 21:17:29,1704224701,9.875853,10.156262,8.552328,9.045112,1430.01
2026-05-04 21:17:29,1704225001,9.033767,9.033767,7.905599,8.117955,1778.97
2026-05-04 21:17:30,1704225301,8.130752,8.816569,8.032211,8.105926,1724.93
2026-05-04 21:17:31,1704225601,8.157837,9.074974,7.467196,8.953597,2709.34
2026-05-04 21:17:31,1704225901,9.025593,9.041623,8.201574,8.201574,1860.12
2026-05-04 21:17:32,1704226201,8.20186,8.249049,7.26548,7.883661,2146.36
2026-05-04 21:17:33,1704226501,7.915506,8.532103,7.650156,8.368218,1577.52
2026-05-04 21:17:34,1704226801,8.33486,9.109132,8.204759,8.508275,1592.9
2026-05-04 21:17:34,1704227101,8.537471,8.63465,6.791318,6.971579,2139.97
2026-05-04 21:17:35,1704227401,7.021524,8.008423,6.92338,7.684445,1454.48
2026-05-04 21:17:36,1704227701,7.615562,9.527281,7.410577,9.341864,1152.5
2026-05-04 21:17:37,1704228001,9.323635,9.720279,8.983297,9.186048,1712.56
2026-05-04 21:17:37,1704228301,9.124801,10.29498,9.077939,9.667097,1887.97
2026-05-04 21:17:38,1704228601,9.660287,9.683465,8.600956,9.150213,1594.19
2026-05-04 21:17:39,1704228901,9.169388,9.203945,8.3812,8.459308,1972.55
2026-05-04 21:17:39,1704229201,8.487979,8.746337,7.415724,7.712694,2318.49
2026-05-04 21:17:40,1704229501,7.758353,8.577226,7.758353,8.006092,1724.85
2026-05-04 21:17:41,1704229801,7.870362,7.901236,6.532201,6.641369,1428.88
2026-05-04 21:17:41,1704230101,6.659229,6.931139,6.555655,6.674559,1809.34
2026-05-04 21:17:42,1704230401,6.714889,7.366127,6.543057,7.066191,2038.95
2026-05-04 21:17:43,1704230701,7.134348,7.597232,6.845995,7.125247,2212.56
2026-05-04 21:17:44,1704231001,7.07197,7.240806,6.840216,7.006946,1453.06
2026-05-04 21:17:44,1704231301,6.986916,7.518133,6.856594,7.25733,1137.85
2026-05-04 21:17:45,1704231601,7.276227,7.478019,6.421492,6.611089,1915.67
2026-05-04 21:17:45,1704231901,6.605353,6.913457,6.25577,6.839595,1940.61
2026-05-04 21:17:46,1704232201,6.851796,7.27677,6.548355,6.900203,1726.66
2026-05-04 21:17:47,1704232501,6.888234,7.704033,6.599719,7.462876,2420.29
2026-05-04 21:17:47,1704232801,7.493915,7.74992,7.174405,7.366247,2435.22
2026-05-04 21:17:48,1704233101,7.397877,8.097293,7.277983,7.3665,1506.33
2026-05-04 21:17:49,1704233401,7.345317,7.479041,7.037238,7.372514,1937.42
2026-05-04 21:17:49,1704233701,7.317588,7.863995,7.068844,7.638648,1610.32
2026-05-04 21:17:50,1704234001,7.664336,8.556507,7.274473,7.39113,1866.09
2026-05-04 21:17:51,1704234301,7.452541,8.009813,7.147351,7.39304,1778.78
2026-05-04 21:17:51,1704234601,7.384819,8.495181,7.384819,7.914929,1549.91
2026-05-04 21:17:52,1704234901,7.87053,7.913739,6.995522,7.784694,1866.84
2026-05-04 21:17:53,1704235201,7.817216,8.472121,7.775888,8.25778,1497.34
2026-05-04 21:17:53,1704235501,8.246405,8.491862,7.926331,8.329946,1106.51
2026-05-04 21:17:54,1704235801,8.315686,8.324239,7.190198,8.141759,2088.48
2026-05-04 21:17:55,1704236101,8.115587,8.285706,7.757457,8.13596,1563.12
2026-05-04 21:17:55,1704236401,8.132601,8.368189,7.859868,8.150936,1372.56
2026-05-04 21:17:56,1704236701,8.193197,8.475645,7.898323,8.161828,1662.59
2026-05-04 21:17:57,1704237001,8.153758,8.857333,7.811625,8.685766,1903.31
2026-05-04 21:17:57,1704237301,8.701274,9.758893,8.557453,9.284419,1964.79
2026-05-04 21:17:58,1704237601,9.259729,10.228211,9.259729,9.445479,1459.13
2026-05-04 21:17:59,1704237901,9.4415,9.666835,8.935972,9.030427,1319.46
2026-05-04 21:17:59,1704238201,9.006117,9.130206,8.309077,8.671845,996.66
2026-05-04 21:18:00,1704238501,8.611521,8.611521,7.595221,7.720133,1177.67
2026-05-04 21:18:01,1704238801,7.694214,7.882997,6.913838,7.637842,1892.08
2026-05-04 21:18:01,1704239101,7.610428,7.968607,6.966494,7.405748,2380.2
2026-05-04 21:18:02,1704239401,7.426664,8.630671,7.246531,8.567362,1379.63
2026-05-04 21:18:03,1704239701,8.568046,9.119704,8.096754,9.119704,1599.32
2026-05-04 21:18:03,1704240001,9.137141,9.438576,8.836254,9.214469,1767.39
2026-05-04 21:18:04,1704240301,9.244966,9.693163,8.996617,9.619226,1996.51
2026-05-04 21:18:05,1704240601,9.592915,9.686643,8.845635,9.063337,1442.58
2026-05-04 21:18:06,1704240901,9.078379,9.102448,7.897021,7.897021,1245.08
2026-05-04 21:18:06,1704241201,7.850376,8.28733,7.442704,8.131971,2198.86
2026-05-04 21:18:07,1704241501,8.110116,9.42475,8.099464,8.318915,1695.26
2026-05-04 21:18:08,1704241801,8.310758,8.566761,7.82248,8.220277,1831.42
2026-05-04 21:18:08,1704242101,8.239141,8.96345,8.039075,8.905859,1614.43
2026-05-04 21:18:09,1704242401,8.942668,9.537698,8.686648,9.377171,1518.86
2026-05-04 21:18:09,1704242701,9.357884,10.095645,8.647645,9.485858,2017.81
2026-05-04 21:18:10,1704243001,9.542977,9.70938,8.904876,9.168149,1607.46
2026-05-04 21:18:11,1704243301,9.148715,10.167409,9.032615,10.061186,1719.8
2026-05-04 21:18:11,1704243601,10.095617,10.417577,8.92221,8.965389,2195.11
2026-05-04 21:18:12,1704243901,8.963555,10.229262,8.873221,9.484273,1669.42
2026-05-04 21:18:13,1704244201,9.49693,10.102296,9.356443,9.43734,1572.6
2026-05-04 21:18:13,1704244501,9.43517,9.665847,9.04311,9.580488,2315.42
2026-05-04 21:18:14,1704244801,9.592313,10.453,8.965429,10.070185,1850.01
2026-05-04 21:18:15,1704245101,10.102143,10.70767,9.196208,9.196208,1850.65
2026-05-04 21:18:15,1704245401,9.17014,9.17014,8.274764,8.73818,1865.33
2026-05-04 21:18:16,1704245701,8.743507,8.834733,8.036068,8.083049,1335.44
2026-05-04 21:18:17,1704246001,8.097851,8.144397,7.500773,7.970731,1323.17
2026-05-04 21:18:17,1704246301,7.962826,8.673403,7.556872,8.073041,964.99
2026-05-04 21:18:18,1704246601,8.111595,9.030306,7.896185,9.030306,1882.64
2026-05-04 21:18:19,1704246901,9.070144,9.96198,8.986157,9.87396,1928.66
2026-05-04 21:18:19,1704247201,9.849254,9.981077,9.236388,9.476163,1730.51
2026-05-04 21:18:20,1704247501,9.453817,10.388027,9.063202,10.289259,1842.41
2026-05-04 21:18:21,1704247801,10.247879,10.932292,10.125745,10.332162,1409.21
2026-05-04 21:18:22,1704248101,10.301886,11.31913,10.220345,10.770741,1349.74
2026-05-04 21:18:22,1704248401,10.755992,11.826524,10.584713,10.693629,1483.65
2026-05-04 21:18:23,1704248701,10.64948,10.657826,9.30601,9.796696,1713.68
2026-05-04 21:18:24,1704249001,9.795485,10.828746,9.66921,10.513501,1795.0
2026-05-04 21:18:24,1704249301,10.432058,11.098847,10.326762,10.351477,919.02
2026-05-04 21:18:25,1704249601,10.361511,10.503422,9.60485,9.966229,1375.71
2026-05-04 21:18:26,1704249901,9.974513,11.215664,9.863314,11.168687,1110.02
2026-05-04 21:18:26,1704250201,11.164399,11.4768,10.65228,11.004356,1439.23
2026-05-04 21:18:27,1704250501,11.041452,11.98156,10.758117,10.758117,1469.61
2026-05-04 21:18:28,1704250801,10.794449,11.648468,10.354296,10.940033,1672.94
2026-05-04 21:18:29,1704251101,10.956912,11.142353,10.377354,10.59279,1033.44
2026-05-04 21:18:30,1704251401,10.605625,11.05921,10.482085,10.587209,1395.54
2026-05-04 21:18:30,1704251701,10.583623,11.496406,10.180436,10.180436,1563.71
2026-05-04 21:18:31,1704252001,10.204458,10.403793,9.40042,9.7248,1360.68
2026-05-04 21:18:32,1704252301,9.710199,10.262534,9.26932,9.454389,1896.38
2026-05-04 21:18:32,1704252601,9.489635,9.741026,8.304908,8.644853,1342.48
2026-05-04 21:18:33,1704252901,8.666332,9.40434,8.443024,9.221395,1758.77
2026-05-04 21:18:33,1704253201,9.219811,9.420936,8.828701,8.876603,2050.42
2026-05-04 21:18:34,1704253501,8.898136,10.021736,8.799316,9.4441,1643.79
2026-05-04 21:18:35,1704253801,9.408197,9.896363,9.083417,9.252437,1662.51
2026-05-04 21:18:36,1704254101,9.188453,10.434105,8.648964,10.323242,1505.19
2026-05-04 21:18:36,1704254401,10.475131,10.98381,10.15762,10.838418,1687.46
2026-05-04 21:18:37,1704254701,10.820399,11.241901,10.173227,10.990275,1294.13
2026-05-04 21:18:38,1704255001,10.972982,11.327876,10.428178,11.053507,1500.8
2026-05-04 21:18:38,1704255301,11.014733,11.384792,9.729711,10.270806,1823.91
2026-05-04 21:18:39,1704255601,10.232996,11.090226,10.160588,11.078682,1563.96
2026-05-04 21:18:40,1704255901,11.007755,11.300009,10.62325,10.911083,1406.28
2026-05-04 21:18:41,1704256201,10.911799,11.938156,10.752879,11.75155,1258.31
2026-05-04 21:18:41,1704256501,11.792255,11.998603,11.120298,11.234577,1867.69
2026-05-04 21:18:42,1704256801,11.296249,11.851799,10.798237,11.458084,1845.69
2026-05-04 21:18:43,1704257101,11.457812,12.146874,10.584405,11.01766,1182.34
2026-05-04 21:18:43,1704257401,11.041661,11.421858,10.246477,11.063834,1506.38
2026-05-04 21:18:44,1704257701,10.862672,10.862672,9.108098,9.344416,1545.85
2026-05-04 21:18:45,1704258001,9.316787,9.923033,8.56669,9.78313,1276.96
2026-05-04 21:18:45,1704258301,9.749415,9.940948,9.13017,9.724898,1632.59
2026-05-04 21:18:46,1704258601,9.760621,9.787669,9.06763,9.672342,1417.16
2026-05-04 21:18:47,1704258901,9.650469,10.045456,9.253372,9.680936,1257.54
2026-05-04 21:18:47,1704259201,9.680759,9.961279,8.86142,9.018978,1152.35
2026-05-04 21:18:48,1704259501,9.019317,9.190917,8.398304,8.942603,2085.81
2026-05-04 21:18:49,1704259801,8.884882,10.124602,8.830242,8.990201,1330.35
2026-05-04 21:18:49,1704260101,8.99055,9.111638,8.278271,8.818975,1439.03
2026-05-04 21:18:50,1704260401,8.821031,9.236001,8.528021,9.146708,1374.87
2026-05-04 21:18:51,1704260701,9.173101,10.030068,8.81009,10.003576,1783.3
2026-05-04 21:18:51,1704261001,10.047265,10.507925,9.368139,10.36935,2359.54
2026-05-04 21:18:52,1704261301,10.396704,10.540355,9.314737,9.856262,1898.47
2026-05-04 21:18:53,1704261601,9.891914,9.954546,9.018708,9.286055,1373.32
2026-05-04 21:18:53,1704261901,9.293647,11.163425,9.204956,11.011748,1986.53
2026-05-04 21:18:54,1704262201,10.964232,11.562981,9.94132,10.242803,1762.53
2026-05-04 21:18:55,1704262501,10.307854,10.642258,9.394823,9.394823,1318.75
2026-05-04 21:18:55,1704262801,9.430909,9.468908,8.481069,8.574022,1483.51
2026-05-04 21:18:56,1704263101,8.585221,9.077876,8.43502,9.073599,1600.41
2026-05-04 21:18:57,1704263401,9.059403,9.935764,9.02234,9.935764,1924.61
2026-05-04 21:18:57,1704263701,9.891366,10.37533,9.487529,10.182027,1622.33
2026-05-04 21:18:58,1704264001,10.191098,10.627154,9.64668,10.539555,2296.26
2026-05-04 21:18:59,1704264301,10.539104,11.358649,10.261712,11.160002,2237.08
2026-05-04 21:19:00,1704264601,11.158823,11.683719,10.870433,11.462519,2191.47
2026-05-04 21:19:00,1704264901,11.465652,12.004684,10.73808,11.050533,1642.5
2026-05-04 21:19:01,1704265201,11.053501,11.502898,10.585519,10.84802,2266.92
2026-05-04 21:19:02,1704265501,10.817815,10.982719,10.176544,10.396468,2007.63
2026-05-04 21:19:03,1704265801,10.37506,10.709803,9.829058,9.888828,1794.63
2026-05-04 21:19:03,1704266101,9.887329,10.568858,9.712525,9.867084,1560.86
2026-05-04 21:19:04,1704266401,9.843636,9.918983,9.185888,9.274452,2136.83
2026-05-04 21:19:05,1704266701,9.299848,9.381243,8.428377,8.626334,1580.02
2026-05-04 21:19:06,1704267001,8.598173,8.795076,0.08,0.107852,3155.71
2026-05-04 21:19:06,1704267301,0.114774,0.310222,0.08,0.103814,3655.72
2026-05-04 21:19:07,1704267601,0.103581,0.108725,0.103581,0.103841,1371.5
2026-05-04 21:19:08,1704267901,0.10315,0.106108,0.1,0.1,1577.6
2026-05-04 21:19:08,1704268201,0.100486,0.104657,0.1,0.100632,1822.76
2026-05-04 21:19:09,1704268501,0.100808,0.103698,0.1,0.100338,1654.07
2026-05-04 21:19:10,1704268801,0.100641,0.120102,0.1,0.120088,2126.65
2026-05-04 21:19:10,1704269101,0.119548,0.130291,0.119279,0.124967,1544.71
2026-05-04 21:19:11,1704269401,0.12463,0.131442,0.117935,0.125983,2149.85
2026-05-04 21:19:12,1704269701,0.127146,0.141321,0.123172,0.132586,2010.63
2026-05-04 21:19:12,1704270001,0.132536,0.135347,0.126981,0.135256,1300.12
2026-05-04 21:19:13,1704270301,0.135569,0.143501,0.134282,0.136436,1811.5
2026-05-04 21:19:14,1704270601,0.136357,0.138716,0.126814,0.131438,1595.93
2026-05-04 21:19:14,1704270901,0.130912,0.139949,0.124563,0.132771,1860.51
2026-05-04 21:19:15,1704271201,0.133176,0.14262,0.129919,0.137604,1394.4
2026-05-04 21:19:16,1704271501,0.138334,0.144309,0.134534,0.142587,1835.41
2026-05-04 21:19:17,1704271801,0.141431,0.158904,0.137597,0.154672,1552.38
2026-05-04 21:19:17,1704272101,0.154478,0.156303,0.145452,0.147807,2154.88
2026-05-04 21:19:18,1704272401,0.147805,0.164031,0.143854,0.145791,1800.98
2026-05-04 21:19:19,1704272701,0.146063,0.149431,0.135626,0.146086,1226.29
2026-05-04 21:19:19,1704273001,0.146102,0.178352,0.143694,0.178234,1410.34
2026-05-04 21:19:20,1704273301,0.177579,0.19752,0.175702,0.184622,1475.42
2026-05-04 21:19:21,1704273601,0.185246,0.19519,0.177728,0.183289,1931.98
2026-05-04 21:19:22,1704273901,0.182451,0.193114,0.169844,0.193114,1405.29
2026-05-04 21:19:22,1704274201,0.19241,0.209741,0.186095,0.209095,1437.25
2026-05-04 21:19:23,1704274501,0.209269,0.229849,0.209269,0.224601,1835.98
2026-05-04 21:19:24,1704274801,0.225583,0.228877,0.211567,0.219562,1700.9
2026-05-04 21:19:25,1704275101,0.218249,0.228694,0.203474,0.218355,1180.65
2026-05-04 21:19:25,1704275401,0.21834,0.222729,0.19868,0.199997,1590.42
2026-05-04 21:19:26,1704275701,0.199037,0.212159,0.199037,0.211014,1268.48
2026-05-04 21:19:27,1704276001,0.211343,0.267649,0.209089,0.265042,1920.4
2026-05-04 21:19:28,1704276301,0.264932,0.287662,0.264932,0.280392,2218.71
2026-05-04 21:19:29,1704276601,0.279536,0.318012,0.274335,0.312595,2388.22
2026-05-04 21:19:30,1704276901,0.313275,0.328601,0.292262,0.315643,1980.26
2026-05-04 21:19:30,1704277201,0.315733,0.342598,0.315733,0.326092,1718.57
2026-05-04 21:19:31,1704277501,0.32451,0.33132,0.281751,0.29151,2491.69
2026-05-04 21:19:32,1704277801,0.292728,0.30185,0.265052,0.274927,1546.08
2026-05-04 21:19:33,1704278101,0.275121,0.305806,0.271547,0.294824,1298.13
2026-05-04 21:19:34,1704278401,0.294142,0.333458,0.293414,0.327063,1215.51
2026-05-04 21:19:34,1704278701,0.328602,0.333782,0.302674,0.306038,1353.64
2026-05-04 21:19:35,1704279001,0.305464,0.337841,0.299675,0.320952,1825.22
2026-05-04 21:19:36,1704279301,0.318438,0.364896,0.31396,0.353644,1301.61
2026-05-04 21:19:36,1704279601,0.35631,0.356497,0.312915,0.321961,1612.44
2026-05-04 21:19:37,1704279901,0.323328,0.347615,0.316187,0.339521,1785.1
2026-05-04 21:19:38,1704280201,0.335655,0.36093,0.320373,0.334119,1396.54
2026-05-04 21:19:39,1704280501,0.333897,0.349132,0.324048,0.32717,1890.61
2026-05-04 21:19:39,1704280801,0.328393,0.358165,0.325076,0.349435,1346.87
2026-05-04 21:19:40,1704281101,0.350721,0.351641,0.306911,0.317886,1447.84
2026-05-04 21:19:41,1704281401,0.318621,0.33748,0.292754,0.295106,1408.4
2026-05-04 21:19:41,1704281701,0.296047,0.305635,0.24989,0.254805,1737.74
2026-05-04 21:19:42,1704282001,0.255652,0.2818,0.247578,0.272263,1924.06
2026-05-04 21:19:43,1704282301,0.270725,0.303709,0.262397,0.296312,1814.14
2026-05-04 21:19:44,1704282601,0.296005,0.299219,0.274334,0.283861,2037.49
2026-05-04 21:19:45,1704282901,0.282188,0.303638,0.28043,0.292134,2004.14
2026-05-04 21:19:45,1704283201,0.292682,0.326873,0.289515,0.317269,2082.65
2026-05-04 21:19:46,1704283501,0.317561,0.325368,0.275236,0.288946,1723.58
2026-05-04 21:19:47,1704283801,0.287094,0.338686,0.283065,0.333968,1714.1
2026-05-04 21:19:47,1704284101,0.331844,0.332548,0.280227,0.281467,1598.73
2026-05-04 21:19:48,1704284401,0.280268,0.305059,0.276289,0.293436,2150.76
2026-05-04 21:19:49,1704284701,0.292444,0.320232,0.288393,0.305012,1262.6
2026-05-04 21:19:50,1704285001,0.306372,0.322828,0.301815,0.319821,1200.08
2026-05-04 21:19:50,1704285301,0.319299,0.320378,0.29892,0.310489,1544.54
2026-05-04 21:19:51,1704285601,0.310672,0.342413,0.300512,0.339525,2005.98
2026-05-04 21:19:52,1704285901,0.339732,0.358705,0.321863,0.356852,1283.14
2026-05-04 21:19:52,1704286201,0.358472,0.381346,0.34171,0.379423,1572.23
2026-05-04 21:19:53,1704286501,0.38069,0.395606,0.365091,0.383952,1701.41
2026-05-04 21:19:54,1704286801,0.383712,0.395136,0.365203,0.37651,1349.21
2026-05-04 21:19:54,1704287101,0.375955,0.428793,0.375955,0.410948,2289.42
2026-05-04 21:19:55,1704287401,0.408871,0.42534,0.354912,0.358532,2407.34
2026-05-04 21:19:56,1704287701,0.353635,0.382812,0.350002,0.376238,1753.97
2026-05-04 21:19:56,1704288001,0.377189,0.419697,0.377189,0.385418,2219.87
2026-05-04 21:19:57,1704288301,0.384462,0.386139,0.342602,0.367184,1934.68
2026-05-04 21:19:58,1704288601,0.365134,0.394713,0.35736,0.389113,1848.91
2026-05-04 21:19:58,1704288901,0.390615,0.400108,0.375075,0.391367,1403.7
2026-05-04 21:19:59,1704289201,0.391746,0.411243,0.385139,0.393469,1668.38
2026-05-04 21:20:00,1704289501,0.395203,0.395203,0.354635,0.383633,1952.85
2026-05-04 21:20:00,1704289801,0.385286,0.432271,0.378722,0.430135,1410.57
2026-05-04 21:20:01,1704290101,0.430086,0.502904,0.430033,0.460371,943.13
2026-05-04 21:20:02,1704290401,0.46054,0.497593,0.453415,0.492923,1715.78
2026-05-04 21:20:02,1704290701,0.491876,0.503618,0.462728,0.479343,1946.09
2026-05-04 21:20:03,1704291001,0.482231,0.553998,0.482231,0.534712,1255.16
2026-05-04 21:20:04,1704291301,0.537001,0.541695,0.458569,0.460664,1471.48
2026-05-04 21:20:04,1704291601,0.459935,0.511259,0.4539,0.493598,2169.12
2026-05-04 21:20:05,1704291901,0.492625,0.501251,0.416776,0.421308,1229.71
2026-05-04 21:20:05,1704292201,0.420846,0.461124,0.420846,0.457413,2102.96
2026-05-04 21:20:06,1704292501,0.455108,0.499212,0.445062,0.492482,1740.59
2026-05-04 21:20:07,1704292801,0.495475,0.502139,0.464288,0.501409,1690.47
2026-05-04 21:20:07,1704293101,0.501875,0.507639,0.476509,0.501073,1773.48
2026-05-04 21:20:08,1704293401,0.503615,0.510949,0.460805,0.479379,1667.88
2026-05-04 21:20:09,1704293701,0.476336,0.494661,0.442052,0.475963,2134.23
2026-05-04 21:20:09,1704294001,0.476987,0.493704,0.458337,0.484106,1519.13
2026-05-04 21:20:10,1704294301,0.484917,0.488945,0.449,0.467424,1715.53
2026-05-04 21:20:11,1704294601,0.465471,0.528849,0.464409,0.506004,1986.85
2026-05-04 21:20:11,1704294901,0.507809,0.51484,0.464821,0.483399,1449.84
2026-05-04 21:20:12,1704295201,0.483162,0.483162,0.450272,0.452911,1471.75
2026-05-04 21:20:13,1704295501,0.451681,0.454969,0.426218,0.42907,1486.79
2026-05-04 21:20:13,1704295801,0.429649,0.443655,0.409216,0.437459,1607.71
2026-05-04 21:20:14,1704296101,0.437142,0.439353,0.351454,0.361907,2288.14
2026-05-04 21:20:15,1704296401,0.362229,0.378624,0.349386,0.378624,1909.52
2026-05-04 21:20:16,1704296701,0.376247,0.43655,0.369113,0.425404,2053.84
2026-05-04 21:20:16,1704297001,0.423439,0.452451,0.418078,0.428678,1330.92
2026-05-04 21:20:17,1704297301,0.428201,0.458128,0.418454,0.438055,1688.57
2026-05-04 21:20:18,1704297601,0.440049,0.450107,0.389913,0.411983,1605.78
2026-05-04 21:20:19,1704297901,0.412417,0.414416,0.373655,0.400857,1467.36
2026-05-04 21:20:19,1704298201,0.401647,0.436072,0.383659,0.430492,1356.98
2026-05-04 21:20:20,1704298501,0.429452,0.442656,0.41309,0.418257,1631.57
2026-05-04 21:20:21,1704298801,0.421222,0.448362,0.396157,0.444542,1461.59
2026-05-04 21:20:21,1704299101,0.447899,0.515022,0.440753,0.488142,1206.12
2026-05-04 21:20:22,1704299401,0.4884,0.5197,0.470664,0.484839,2030.15
2026-05-04 21:20:23,1704299701,0.484572,0.488585,0.437401,0.482422,1892.07
2026-05-04 21:20:23,1704300001,0.481575,0.517674,0.44908,0.48055,1727.22
2026-05-04 21:20:24,1704300301,0.476609,0.489165,0.454516,0.470677,1895.94
2026-05-04 21:20:25,1704300601,0.469487,0.473206,0.422605,0.443113,1908.16
2026-05-04 21:20:26,1704300901,0.444122,0.444806,0.407889,0.417881,1593.56
2026-05-04 21:20:26,1704301201,0.416959,0.423788,0.395469,0.420131,2240.02
2026-05-04 21:20:27,1704301501,0.417391,0.45085,0.402767,0.414525,1229.68
2026-05-04 21:20:28,1704301801,0.414659,0.442184,0.390853,0.393257,2521.08
2026-05-04 21:20:28,1704302101,0.393493,0.439638,0.388195,0.425122,2252.19
2026-05-04 21:20:29,1704302401,0.423754,0.42706,0.370331,0.371531,1162.81
2026-05-04 21:20:30,1704302701,0.374195,0.374428,0.343069,0.345465,1761.1
2026-05-04 21:20:31,1704303001,0.344506,0.351662,0.30027,0.307676,1817.5
2026-05-04 21:20:31,1704303301,0.309295,0.318011,0.296792,0.313535,2125.17
2026-05-04 21:20:32,1704303601,0.312635,0.330098,0.300389,0.327122,2055.49
2026-05-04 21:20:33,1704303901,0.326677,0.32722,0.308678,0.319026,1891.56
2026-05-04 21:20:33,1704304201,0.32078,0.325689,0.295403,0.315628,1396.2
2026-05-04 21:20:34,1704304501,0.314472,0.327686,0.294199,0.294199,977.88
2026-05-04 21:20:34,1704304801,0.29507,0.298232,0.281624,0.28263,2091.2
2026-05-04 21:20:35,1704305101,0.283372,0.310868,0.277241,0.296509,989.86
2026-05-04 21:20:36,1704305401,0.296784,0.313147,0.28594,0.307321,1810.31
2026-05-04 21:20:37,1704305701,0.306576,0.311096,0.266102,0.272465,1430.09
2026-05-04 21:20:37,1704306001,0.273126,0.27926,0.255519,0.274099,2273.05
2026-05-04 21:20:38,1704306301,0.272853,0.283149,0.257838,0.275024,2441.23
2026-05-04 21:20:39,1704306601,0.27497,0.299733,0.259694,0.29622,1770.94
2026-05-04 21:20:39,1704306901,0.297891,0.303778,0.27899,0.301686,1573.37
2026-05-04 21:20:40,1704307201,0.303345,0.330579,0.300096,0.31053,1801.69
2026-05-04 21:20:41,1704307501,0.309651,0.356734,0.306271,0.345393,2030.49
2026-05-04 21:20:41,1704307801,0.345275,0.345275,0.321981,0.324186,1313.85
2026-05-04 21:20:42,1704308101,0.323923,0.32662,0.304751,0.318516,1883.03
2026-05-04 21:20:43,1704308401,0.31724,0.324091,0.284667,0.318246,1610.13
2026-05-04 21:20:44,1704308701,0.316028,0.317648,0.274997,0.278013,1559.28
2026-05-04 21:20:44,1704309001,0.278081,0.282168,0.263578,0.272852,1474.42
2026-05-04 21:20:45,1704309301,0.2728,0.289391,0.268386,0.273317,1311.38
2026-05-04 21:20:46,1704309601,0.273378,0.283897,0.250777,0.260808,964.38
2026-05-04 21:20:46,1704309901,0.260349,0.265264,0.234235,0.234235,1375.8
2026-05-04 21:20:47,1704310201,0.233949,0.243239,0.225626,0.228947,1679.91
2026-05-04 21:20:48,1704310501,0.228257,0.237625,0.220546,0.22102,1336.81
2026-05-04 21:20:49,1704310801,0.221013,0.22273,0.183179,0.183179,2028.81
2026-05-04 21:20:49,1704311101,0.182921,0.189368,0.1752,0.181859,1773.92
2026-05-04 21:20:50,1704311401,0.181038,0.186422,0.168122,0.173368,1575.13
2026-05-04 21:20:51,1704311701,0.173774,0.176882,0.162925,0.165546,1613.15
2026-05-04 21:20:51,1704312001,0.165696,0.180776,0.16126,0.174107,1538.99
2026-05-04 21:20:52,1704312301,0.174112,0.177973,0.155242,0.165748,1407.93
2026-05-04 21:20:53,1704312601,0.166212,0.168324,0.136958,0.142113,2028.22
2026-05-04 21:20:53,1704312901,0.14219,0.162895,0.133657,0.162895,1572.59
2026-05-04 21:20:54,1704313201,0.162736,0.16561,0.151557,0.161243,2226.45
2026-05-04 21:20:55,1704313501,0.161498,0.169659,0.158452,0.165447,1398.48
2026-05-04 21:20:55,1704313801,0.164443,0.164443,0.131482,0.1378,1640.73
2026-05-04 21:20:56,1704314101,0.135819,0.136275,0.121799,0.127192,2234.08
2026-05-04 21:20:56,1704314401,0.126869,0.132692,0.123053,0.126364,1553.15
2026-05-04 21:20:57,1704314701,0.125879,0.136057,0.125879,0.13206,1855.11
2026-05-04 21:20:58,1704315001,0.132573,0.135212,0.116897,0.121591,1861.19
2026-05-04 21:20:59,1704315301,0.121909,0.131142,0.118051,0.121167,2378.79
2026-05-04 21:21:00,1704315601,0.121308,0.131477,0.117587,0.131049,1879.75
2026-05-04 21:21:00,1704315901,0.130916,0.150332,0.130916,0.133851,2162.12
2026-05-04 21:21:01,1704316201,0.134441,0.135354,0.119685,0.120059,1717.82
2026-05-04 21:21:02,1704316501,0.12068,0.133489,0.120148,0.129071,1393.12
2026-05-04 21:21:02,1704316801,0.128927,0.131257,0.120818,0.126641,1455.2
2026-05-04 21:21:03,1704317101,0.12678,0.129284,0.118984,0.122775,1316.67
2026-05-04 21:21:04,1704317401,0.122244,0.127041,0.118036,0.123528,1476.36
2026-05-04 21:21:05,1704317701,0.123393,0.14292,0.118068,0.14292,1418.77
2026-05-04 21:21:06,1704318001,0.140925,0.155193,0.132655,0.145353,1579.6
2026-05-04 21:21:06,1704318301,0.145602,0.147027,0.132524,0.138063,1978.73
2026-05-04 21:21:07,1704318601,0.137657,0.150143,0.133126,0.148929,1160.32
2026-05-04 21:21:08,1704318901,0.14865,0.153945,0.130377,0.132082,1937.35
2026-05-04 21:21:08,1704319201,0.13199,0.144153,0.128958,0.134483,1766.98
2026-05-04 21:21:09,1704319501,0.136402,0.138403,0.12695,0.130253,1975.69
2026-05-04 21:21:10,1704319801,0.129772,0.129984,0.119685,0.122044,2362.29
2026-05-04 21:21:10,1704320101,0.121654,0.129597,0.120226,0.126785,1289.26
2026-05-04 21:21:11,1704320401,0.126576,0.127616,0.113442,0.114668,1710.39
2026-05-04 21:21:12,1704320701,0.115077,0.131764,0.114791,0.13054,1521.63
2026-05-04 21:21:13,1704321001,0.130602,0.148109,0.126481,0.148109,1458.74
2026-05-04 21:21:13,1704321301,0.147232,0.157262,0.145537,0.150064,1851.52
2026-05-04 21:21:14,1704321601,0.149841,0.154979,0.13879,0.144396,1897.84
2026-05-04 21:21:15,1704321901,0.144257,0.145338,0.11849,0.121321,1389.2
2026-05-04 21:21:15,1704322201,0.121125,0.134007,0.119176,0.133016,1484.55
2026-05-04 21:21:16,1704322501,0.132155,0.149494,0.132012,0.148465,1996.61
2026-05-04 21:21:17,1704322801,0.148823,0.165335,0.141877,0.1634,1006.27
2026-05-04 21:21:18,1704323101,0.164142,0.169704,0.158633,0.167696,2078.47
2026-05-04 21:21:18,1704323401,0.167442,0.178509,0.161465,0.162143,1050.94
2026-05-04 21:21:19,1704323701,0.162196,0.186539,0.156742,0.179222,1808.58
2026-05-04 21:21:20,1704324001,0.180674,0.186437,0.164312,0.167184,1181.77
2026-05-04 21:21:20,1704324301,0.167216,0.17956,0.16656,0.173079,1978.35
2026-05-04 21:21:21,1704324601,0.173548,0.176332,0.157185,0.15905,1644.72
2026-05-04 21:21:22,1704324901,0.159442,0.173371,0.151697,0.164951,1067.54
2026-05-04 21:21:22,1704325201,0.164134,0.16588,0.138149,0.149967,1660.8
2026-05-04 21:21:23,1704325501,0.149243,0.162848,0.147447,0.153268,1843.85
2026-05-04 21:21:24,1704325801,0.154632,0.174223,0.148531,0.17046,1970.36
2026-05-04 21:21:24,1704326101,0.171967,0.174585,0.161235,0.168798,1951.98
2026-05-04 21:21:25,1704326401,0.168093,0.18307,0.166615,0.178946,1840.69
2026-05-04 21:21:26,1704326701,0.178909,0.197137,0.175593,0.191455,1772.53
2026-05-04 21:21:26,1704327001,0.191667,0.211658,0.190385,0.199706,1505.34
2026-05-04 21:21:27,1704327301,0.201213,0.225519,0.200766,0.224071,1719.84
2026-05-04 21:21:28,1704327601,0.224998,0.240128,0.220171,0.240128,2018.38
2026-05-04 21:21:28,1704327901,0.241425,0.274467,0.239367,0.274467,1856.01
2026-05-04 21:21:29,1704328201,0.275375,0.275736,0.24359,0.260866,2246.73
2026-05-04 21:21:30,1704328501,0.259678,0.268384,0.252443,0.263329,1621.02
2026-05-04 21:21:30,1704328801,0.264526,0.272458,0.252195,0.256953,1296.41
2026-05-04 21:21:31,1704329101,0.256638,0.261859,0.245226,0.251351,1806.15
2026-05-04 21:21:32,1704329401,0.250167,0.277378,0.246869,0.261298,1879.16
2026-05-04 21:21:32,1704329701,0.261235,0.304413,0.259957,0.29485,2066.82
2026-05-04 21:21:33,1704330001,0.295832,0.317576,0.282364,0.288771,2047.5
2026-05-04 21:21:34,1704330301,0.288458,0.305135,0.267068,0.302878,1592.84
2026-05-04 21:21:34,1704330601,0.30432,0.30432,0.281528,0.285067,2184.31
2026-05-04 21:21:35,1704330901,0.285598,0.29267,0.272869,0.272869,2004.95
2026-05-04 21:21:36,1704331201,0.272622,0.280977,0.259727,0.270578,1777.76
2026-05-04 21:21:37,1704331501,0.270521,0.285265,0.262514,0.275527,1951.65
2026-05-04 21:21:37,1704331801,0.276743,0.287087,0.244859,0.257628,2017.1
2026-05-04 21:21:38,1704332101,0.256991,0.280142,0.253386,0.264281,1190.84
2026-05-04 21:21:39,1704332401,0.264449,0.278312,0.258338,0.260666,1875.09
2026-05-04 21:21:39,1704332701,0.263507,0.275893,0.223075,0.227253,970.36
2026-05-04 21:21:40,1704333001,0.22624,0.253968,0.22624,0.243274,1480.97
2026-05-04 21:21:41,1704333301,0.243762,0.247134,0.222018,0.228477,2197.38
2026-05-04 21:21:41,1704333601,0.227956,0.236825,0.221285,0.234719,1077.26
2026-05-04 21:21:42,1704333901,0.234696,0.24261,0.213752,0.24261,1334.8
2026-05-04 21:21:43,1704334201,0.242607,0.260344,0.240664,0.246247,1002.25
2026-05-04 21:21:44,1704334501,0.244859,0.279672,0.242745,0.275381,1624.64
2026-05-04 21:21:44,1704334801,0.275169,0.284906,0.261002,0.284756,1137.28
2026-05-04 21:21:45,1704335101,0.283578,0.287003,0.260062,0.270054,2353.65
2026-05-04 21:21:46,1704335401,0.269447,0.292266,0.250767,0.266632,2456.9
2026-05-04 21:21:46,1704335701,0.266602,0.272383,0.243298,0.266766,1420.58
2026-05-04 21:21:47,1704336001,0.266238,0.267215,0.242614,0.244854,1378.44
2026-05-04 21:21:47,1704336301,0.244786,0.25944,0.233557,0.25944,1695.62
2026-05-04 21:21:48,1704336601,0.26111,0.276741,0.252138,0.274203,1836.18
2026-05-04 21:21:49,1704336901,0.274359,0.297222,0.272988,0.294108,1598.58
2026-05-04 21:21:49,1704337201,0.295992,0.317813,0.293271,0.301787,1771.47
2026-05-04 21:21:50,1704337501,0.300747,0.337297,0.300006,0.326238,1898.0
2026-05-04 21:21:51,1704337801,0.327289,0.345616,0.298415,0.333854,2289.48
2026-05-04 21:21:51,1704338101,0.334332,0.347163,0.323615,0.339697,1495.08
2026-05-04 21:21:52,1704338401,0.341096,0.356058,0.320074,0.351953,1867.84
2026-05-04 21:21:53,1704338701,0.352005,0.36654,0.336545,0.343914,2053.4
2026-05-04 21:21:53,1704339001,0.341343,0.350006,0.281472,0.28544,1663.66
2026-05-04 21:21:54,1704339301,0.284216,0.288305,0.265624,0.282663,1818.02
2026-05-04 21:21:55,1704339601,0.281907,0.295856,0.26443,0.269603,1532.39
2026-05-04 21:21:55,1704339901,0.268442,0.298811,0.253723,0.291215,1474.03
2026-05-04 21:21:56,1704340201,0.291148,0.29531,0.274535,0.28657,1870.74
2026-05-04 21:21:57,1704340501,0.288601,0.299965,0.280824,0.29007,1505.15
2026-05-04 21:21:57,1704340801,0.289427,0.304474,0.278598,0.301112,2018.44
2026-05-04 21:21:58,1704341101,0.299958,0.302804,0.256767,0.257017,1525.63
2026-05-04 21:21:59,1704341401,0.257465,0.300993,0.257465,0.288696,1313.32
2026-05-04 21:21:59,1704341701,0.288326,0.299934,0.262591,0.294708,1883.14
2026-05-04 21:22:00,1704342001,0.293229,0.312238,0.279471,0.308573,1665.14
2026-05-04 21:22:01,1704342301,0.306423,0.310191,0.258857,0.262889,1608.06
2026-05-04 21:22:01,1704342601,0.26207,0.266974,0.249352,0.2553,1828.55
2026-05-04 21:22:02,1704342901,0.256064,0.266435,0.249096,0.251721,2282.05
2026-05-04 21:22:03,1704343201,0.251466,0.274216,0.246214,0.257638,2162.81
2026-05-04 21:22:03,1704343501,0.257037,0.298419,0.256565,0.294402,1817.93
2026-05-04 21:22:04,1704343801,0.294648,0.302637,0.282469,0.29136,1956.06
2026-05-04 21:22:05,1704344101,0.290435,0.317829,0.283247,0.307832,1187.38
2026-05-04 21:22:05,1704344401,0.307617,0.330014,0.304267,0.311161,1681.2
2026-05-04 21:22:06,1704344701,0.309578,0.325058,0.300797,0.321584,1463.52
2026-05-04 21:22:07,1704345001,0.321391,0.364335,0.318076,0.358433,1553.52
2026-05-04 21:22:07,1704345301,0.360142,0.37828,0.356325,0.366168,1529.66
2026-05-04 21:22:08,1704345601,0.367463,0.371613,0.326571,0.336897,2199.26
2026-05-04 21:22:09,1704345901,0.334616,0.347799,0.33056,0.335562,1432.24
2026-05-04 21:22:09,1704346201,0.336242,0.39487,0.332582,0.380361,1232.54
2026-05-04 21:22:10,1704346501,0.379919,0.398576,0.364488,0.386252,1426.07
2026-05-04 21:22:11,1704346801,0.385557,0.445777,0.361855,0.417508,1549.95
2026-05-04 21:22:11,1704347101,0.41542,0.423956,0.395346,0.408306,1402.3
2026-05-04 21:22:12,1704347401,0.409425,0.456962,0.405027,0.408166,2208.61
2026-05-04 21:22:13,1704347701,0.408744,0.44007,0.388511,0.40894,1985.83
2026-05-04 21:22:13,1704348001,0.407833,0.441038,0.393743,0.441038,1769.17
2026-05-04 21:22:14,1704348301,0.439926,0.472584,0.426181,0.461695,1691.78
2026-05-04 21:22:15,1704348601,0.459371,0.484127,0.418174,0.473655,1683.75
2026-05-04 21:22:15,1704348901,0.473017,0.474535,0.417878,0.427195,1606.92
2026-05-04 21:22:16,1704349201,0.425717,0.439407,0.391427,0.407892,1162.43
2026-05-04 21:22:17,1704349501,0.410045,0.414761,0.367263,0.369008,2011.93
2026-05-04 21:22:17,1704349801,0.368212,0.381906,0.351521,0.355422,1556.21
2026-05-04 21:22:18,1704350101,0.356761,0.375498,0.347193,0.349202,1838.84
2026-05-04 21:22:19,1704350401,0.349868,0.379166,0.3192,0.326351,2025.17
2026-05-04 21:22:20,1704350701,0.325235,0.367215,0.318559,0.35113,1597.19
2026-05-04 21:22:20,1704351001,0.351115,0.363338,0.33968,0.358933,1296.23
2026-05-04 21:22:21,1704351301,0.356555,0.370608,0.330425,0.33279,1620.35
2026-05-04 21:22:22,1704351601,0.332651,0.340142,0.304616,0.338237,1641.22
2026-05-04 21:22:22,1704351901,0.339858,0.411832,0.326715,0.382447,1789.07
2026-05-04 21:22:23,1704352201,0.382915,0.421005,0.380659,0.412486,1454.94
2026-05-04 21:22:24,1704352501,0.412669,0.466774,0.409091,0.465742,1305.67
2026-05-04 21:22:24,1704352801,0.467251,0.555009,0.467251,0.507966,1985.96
2026-05-04 21:22:25,1704353101,0.509317,0.515623,0.461896,0.468012,1776.32
2026-05-04 21:22:26,1704353401,0.472577,0.493562,0.466745,0.483314,1165.26
2026-05-04 21:22:26,1704353701,0.483102,0.510027,0.476462,0.485849,1926.81
2026-05-04 21:22:27,1704354001,0.483597,0.526356,0.466916,0.509646,1613.85
2026-05-04 21:22:28,1704354301,0.512882,0.53435,0.472513,0.494891,1621.56
2026-05-04 21:22:29,1704354601,0.495991,0.526609,0.478583,0.504271,1790.14
2026-05-04 21:22:29,1704354901,0.505786,0.507647,0.443641,0.444916,1527.19
2026-05-04 21:22:30,1704355201,0.444752,0.452342,0.41296,0.419118,1293.04
2026-05-04 21:22:31,1704355501,0.419215,0.429881,0.381584,0.394445,1658.84
2026-05-04 21:22:32,1704355801,0.398868,0.41857,0.381818,0.38407,2001.11
2026-05-04 21:22:32,1704356101,0.384521,0.394511,0.350578,0.380704,1505.7
2026-05-04 21:22:33,1704356401,0.383005,0.384639,0.336482,0.338388,2244.61
2026-05-04 21:22:34,1704356701,0.336226,0.364169,0.333272,0.355373,1502.59
2026-05-04 21:22:35,1704357001,0.354785,0.364367,0.32768,0.331784,1359.96
2026-05-04 21:22:35,1704357301,0.332998,0.337328,0.303624,0.305367,1761.56
2026-05-04 21:22:36,1704357601,0.304352,0.309242,0.286771,0.30087,1177.66
2026-05-04 21:22:37,1704357901,0.30093,0.310759,0.284264,0.301679,1471.87
2026-05-04 21:22:37,1704358201,0.303164,0.303413,0.264907,0.270197,1586.68
2026-05-04 21:22:38,1704358501,0.270739,0.271295,0.256623,0.26754,1396.81
2026-05-04 21:22:39,1704358801,0.267219,0.273908,0.246059,0.252899,1574.71
2026-05-04 21:22:40,1704359101,0.25357,0.264742,0.239945,0.261124,1932.24
2026-05-04 21:22:40,1704359401,0.26138,0.277871,0.247737,0.251635,1405.61
2026-05-04 21:22:41,1704359701,0.249857,0.280505,0.249131,0.268582,1671.63
2026-05-04 21:22:41,1704360001,0.267762,0.288018,0.266324,0.276364,1407.54
2026-05-04 21:22:42,1704360301,0.277331,0.291634,0.268605,0.288724,1970.01
2026-05-04 21:22:43,1704360601,0.288303,0.292024,0.252654,0.252654,1936.98
2026-05-04 21:22:44,1704360901,0.252735,0.279948,0.248107,0.274635,1785.85
2026-05-04 21:22:44,1704361201,0.275395,0.298255,0.275174,0.291939,1773.71
2026-05-04 21:22:45,1704361501,0.292398,0.299641,0.268747,0.279643,2098.08
2026-05-04 21:22:45,1704361801,0.278185,0.294041,0.271962,0.288324,1586.3
2026-05-04 21:22:46,1704362101,0.288788,0.29716,0.278888,0.28923,1474.65
2026-05-04 21:22:47,1704362401,0.290508,0.327592,0.279039,0.32511,2247.98
2026-05-04 21:22:47,1704362701,0.328087,0.333387,0.29913,0.305585,2136.4
2026-05-04 21:22:48,1704363001,0.304763,0.313898,0.288423,0.294566,2330.01
2026-05-04 21:22:49,1704363301,0.295691,0.302247,0.272835,0.284902,1354.2
2026-05-04 21:22:49,1704363601,0.284455,0.327982,0.284455,0.326425,1324.32
2026-05-04 21:22:50,1704363901,0.327307,0.3389,0.301274,0.314123,1567.34
2026-05-04 21:22:51,1704364201,0.315138,0.323601,0.295887,0.297667,1638.5
2026-05-04 21:22:51,1704364501,0.298585,0.321765,0.287675,0.297748,1947.89
2026-05-04 21:22:52,1704364801,0.297364,0.302694,0.286469,0.302511,2191.37
2026-05-04 21:22:53,1704365101,0.301046,0.311346,0.280528,0.289561,2339.26
2026-05-04 21:22:53,1704365401,0.289852,0.313664,0.287744,0.309181,1454.45
2026-05-04 21:22:54,1704365701,0.308949,0.315101,0.292535,0.308586,1953.91
2026-05-04 21:22:55,1704366001,0.30993,0.30993,0.280556,0.281019,1573.86
2026-05-04 21:22:55,1704366301,0.281287,0.300223,0.267623,0.289265,1548.07
2026-05-04 21:22:56,1704366601,0.289791,0.293843,0.265401,0.280201,1455.25
2026-05-04 21:22:57,1704366901,0.280118,0.280118,0.211639,0.211646,2024.83
2026-05-04 21:22:57,1704367201,0.211964,0.219721,0.194752,0.198566,1033.91
2026-05-04 21:22:58,1704367501,0.198241,0.199998,0.177631,0.183518,1489.82
2026-05-04 21:22:59,1704367801,0.184166,0.201992,0.182855,0.20005,2219.34
2026-05-04 21:23:00,1704368101,0.19992,0.208234,0.189626,0.189692,1505.07
2026-05-04 21:23:00,1704368401,0.189438,0.220101,0.182308,0.214171,1888.83
2026-05-04 21:23:01,1704368701,0.214328,0.219406,0.170832,0.1791,1707.73
2026-05-04 21:23:02,1704369001,0.178823,0.182671,0.159537,0.16871,1699.95
2026-05-04 21:23:02,1704369301,0.168581,0.170556,0.145575,0.155977,1612.24
2026-05-04 21:23:03,1704369601,0.156062,0.167157,0.151051,0.151717,2549.31
2026-05-04 21:23:04,1704369901,0.151255,0.160981,0.147639,0.155031,1211.99
2026-05-04 21:23:04,1704370201,0.155514,0.159837,0.146666,0.149711,2120.52
2026-05-04 21:23:05,1704370501,0.149801,0.154974,0.134821,0.135106,2410.58
2026-05-04 21:23:06,1704370801,0.134952,0.137274,0.128575,0.128575,1979.98
2026-05-04 21:23:06,1704371101,0.127848,0.13557,0.12498,0.132901,1786.24
2026-05-04 21:23:07,1704371401,0.132841,0.152504,0.122724,0.145734,1764.08
2026-05-04 21:23:08,1704371701,0.145396,0.154266,0.141827,0.146594,1440.21
2026-05-04 21:23:08,1704372001,0.145387,0.171689,0.145387,0.168629,1548.33
2026-05-04 21:23:09,1704372301,0.167303,0.187414,0.165495,0.176198,1471.57
2026-05-04 21:23:10,1704372601,0.176408,0.183833,0.170585,0.174259,1808.88
2026-05-04 21:23:10,1704372901,0.174378,0.175822,0.154802,0.158282,1456.39
2026-05-04 21:23:11,1704373201,0.157887,0.163371,0.143303,0.147353,1048.65
2026-05-04 21:23:12,1704373501,0.145912,0.165043,0.144885,0.15671,2419.05
2026-05-04 21:23:12,1704373801,0.156103,0.165394,0.150932,0.165394,1125.99
2026-05-04 21:23:13,1704374101,0.164945,0.165357,0.13044,0.131818,1743.62
2026-05-04 21:23:14,1704374401,0.132067,0.134739,0.12469,0.132114,1614.84
2026-05-04 21:23:14,1704374701,0.13236,0.138155,0.127961,0.136252,1516.74
2026-05-04 21:23:15,1704375001,0.136438,0.158379,0.133744,0.149565,2044.45
2026-05-04 21:23:16,1704375301,0.148949,0.151149,0.142625,0.143156,954.33
2026-05-04 21:23:17,1704375601,0.143345,0.145295,0.133721,0.140703,1414.6
2026-05-04 21:23:17,1704375901,0.141536,0.141536,0.126282,0.126506,2306.6
2026-05-04 21:23:18,1704376201,0.125868,0.130694,0.117507,0.123232,1328.14
2026-05-04 21:23:19,1704376501,0.125016,0.129697,0.117269,0.124446,1209.96
2026-05-04 21:23:19,1704376801,0.124284,0.133148,0.120635,0.125631,1777.04
2026-05-04 21:23:20,1704377101,0.126077,0.128122,0.116543,0.117274,1966.46
2026-05-04 21:23:21,1704377401,0.11711,0.121803,0.112802,0.113567,1815.07
2026-05-04 21:23:21,1704377701,0.113857,0.11914,0.11195,0.118688,1804.86
2026-05-04 21:23:22,1704378001,0.118434,0.133205,0.118206,0.129497,1482.04
2026-05-04 21:23:23,1704378301,0.128839,0.15727,0.120834,0.155231,1493.48
2026-05-04 21:23:23,1704378601,0.154623,0.159312,0.134253,0.141598,2066.45
2026-05-04 21:23:24,1704378901,0.140985,0.143296,0.133973,0.139859,2108.67
2026-05-04 21:23:25,1704379201,0.14065,0.14782,0.139204,0.141275,1857.07
2026-05-04 21:23:26,1704379501,0.141115,0.146122,0.127263,0.127641,1820.61
2026-05-04 21:23:27,1704379801,0.127732,0.134316,0.116604,0.116604,1776.46
2026-05-04 21:23:28,1704380101,0.115861,0.116861,0.104538,0.106818,1895.08
2026-05-04 21:23:29,1704380401,0.107166,0.112012,0.100879,0.103804,1680.71
2026-05-04 21:23:30,1704380701,0.102904,0.117021,0.100663,0.115525,1476.81
2026-05-04 21:23:31,1704381001,0.115858,0.132698,0.1151,0.125585,2372.23
2026-05-04 21:23:32,1704381301,0.125268,0.126059,0.117855,0.11796,1554.26
2026-05-04 21:23:32,1704381601,0.118419,0.127447,0.117008,0.125302,1931.62
2026-05-04 21:23:33,1704381901,0.124285,0.12615,0.117206,0.118574,1406.86
2026-05-04 21:23:34,1704382201,0.118598,0.119884,0.101266,0.106639,1774.15
2026-05-04 21:23:34,1704382501,0.107223,0.114513,0.103221,0.112655,1506.35
2026-05-04 21:23:35,1704382801,0.112511,0.11368,0.10411,0.111965,1417.35
2026-05-04 21:23:36,1704383101,0.112479,0.119399,0.108293,0.109034,1743.7
2026-05-04 21:23:37,1704383401,0.109412,0.112608,0.102789,0.105919,1399.81
2026-05-04 21:23:37,1704383701,0.105801,0.10718,0.1,0.1,1778.13
2026-05-04 21:23:38,1704384001,0.100275,0.104295,0.1,0.102625,1569.14
2026-05-04 21:23:39,1704384301,0.102821,0.110542,0.1,0.108051,1266.96
2026-05-04 21:23:39,1704384601,0.107949,0.110141,0.101242,0.104554,1418.4
2026-05-04 21:23:40,1704384901,0.104321,0.114034,0.1,0.111553,2483.02
2026-05-04 21:23:41,1704385201,0.111146,0.112087,0.1,0.103175,1720.16
2026-05-04 21:23:41,1704385501,0.104106,0.112238,0.101843,0.102946,1372.88
2026-05-04 21:23:42,1704385801,0.102688,0.119371,0.101958,0.11828,2181.75
2026-05-04 21:23:43,1704386101,0.118471,0.124586,0.11264,0.115964,1558.68
2026-05-04 21:23:43,1704386401,0.114953,0.120421,0.110675,0.113945,1845.18
2026-05-04 21:23:44,1704386701,0.114457,0.119384,0.112637,0.113945,1565.37
2026-05-04 21:23:45,1704387001,0.113654,0.128009,0.111207,0.12776,1493.83
2026-05-04 21:23:45,1704387301,0.127505,0.139201,0.107207,0.109683,2132.53
2026-05-04 21:23:46,1704387601,0.109146,0.117665,0.107981,0.117665,1298.95
2026-05-04 21:23:47,1704387901,0.118762,0.120082,0.108819,0.110863,1458.79
2026-05-04 21:23:47,1704388201,0.111343,0.113875,0.107192,0.108483,2211.69
2026-05-04 21:23:48,1704388501,0.108436,0.123592,0.107973,0.115819,1678.0
2026-05-04 21:23:49,1704388801,0.115652,0.122308,0.106179,0.106179,2174.06
2026-05-04 21:23:50,1704389101,0.105713,0.10817,0.1,0.104209,1677.52
2026-05-04 21:23:50,1704389401,0.104081,0.117086,0.104081,0.114324,1924.86
2026-05-04 21:23:51,1704389701,0.114773,0.121688,0.110154,0.110237,1329.53
2026-05-04 21:23:52,1704390001,0.109592,0.113344,0.106054,0.108295,1515.6
2026-05-04 21:23:53,1704390301,0.107992,0.11275,0.103551,0.107142,1556.63
2026-05-04 21:23:53,1704390601,0.107474,0.109614,0.100111,0.101396,1727.01
2026-05-04 21:23:54,1704390901,0.101209,0.10447,0.1,0.103381,2214.46
2026-05-04 21:23:55,1704391201,0.102636,0.111476,0.1,0.105295,2175.57
2026-05-04 21:23:55,1704391501,0.104784,0.106046,0.1,0.100565,1874.93
2026-05-04 21:23:56,1704391801,0.100733,0.104249,0.1,0.103575,2030.04
2026-05-04 21:23:57,1704392101,0.103927,0.107169,0.1,0.107169,1655.7
2026-05-04 21:23:57,1704392401,0.107372,0.113132,0.106458,0.112284,1816.45
2026-05-04 21:23:58,1704392701,0.113394,0.119396,0.108758,0.110829,1284.55
2026-05-04 21:23:59,1704393001,0.111017,0.117215,0.109043,0.113851,1461.63
2026-05-04 21:23:59,1704393301,0.116026,0.119737,0.101723,0.101723,1627.34
2026-05-04 21:24:00,1704393601,0.101748,0.109008,0.101182,0.106504,1483.71
2026-05-04 21:24:01,1704393901,0.106203,0.108699,0.101712,0.105735,1196.27
2026-05-04 21:24:01,1704394201,0.104784,0.10741,0.1,0.10262,1859.38
2026-05-04 21:24:02,1704394501,0.102658,0.111718,0.1,0.101004,1174.95
2026-05-04 21:24:03,1704394801,0.101165,0.107291,0.1,0.106949,1216.45
2026-05-04 21:24:03,1704395101,0.107101,0.108769,0.1,0.101816,1576.85
2026-05-04 21:24:04,1704395401,0.102202,0.108378,0.1,0.100848,1507.46
2026-05-04 21:24:05,1704395701,0.100931,0.113526,0.1,0.113152,1941.13
2026-05-04 21:24:05,1704396001,0.112968,0.122556,0.110738,0.122556,1212.27
2026-05-04 21:24:06,1704396301,0.122396,0.122757,0.111153,0.116143,1417.5
2026-05-04 21:24:07,1704396601,0.115467,0.115858,0.10078,0.104916,1869.34
2026-05-04 21:24:07,1704396901,0.104534,0.111766,0.102395,0.108406,1488.53
2026-05-04 21:24:08,1704397201,0.107942,0.108178,0.1,0.103623,1444.09
2026-05-04 21:24:09,1704397501,0.103945,0.109844,0.102126,0.1036,1809.95
2026-05-04 21:24:09,1704397801,0.103991,0.104649,0.1,0.101428,1342.17
2026-05-04 21:24:10,1704398101,0.101518,0.104868,0.1,0.1,1768.97
2026-05-04 21:24:11,1704398401,0.1,0.109524,0.1,0.106645,1811.34
2026-05-04 21:24:11,1704398701,0.106658,0.111938,0.103055,0.105951,1498.26
2026-05-04 21:24:12,1704399001,0.105666,0.120014,0.101539,0.115423,2024.68
2026-05-04 21:24:13,1704399301,0.115253,0.117875,0.110799,0.116745,1871.99
2026-05-04 21:24:13,1704399601,0.116977,0.130241,0.112859,0.125181,1310.34
2026-05-04 21:24:14,1704399901,0.12553,0.130199,0.116946,0.120975,2183.72
2026-05-04 21:24:15,1704400201,0.120774,0.126111,0.117148,0.120885,1891.63
2026-05-04 21:24:16,1704400501,0.120645,0.121003,0.101021,0.107396,1501.59
2026-05-04 21:24:16,1704400801,0.107512,0.109894,0.1,0.109295,1501.33
2026-05-04 21:24:17,1704401101,0.109786,0.109786,0.1,0.10051,1828.99
2026-05-04 21:24:18,1704401401,0.100487,0.104985,0.1,0.103278,1081.31
2026-05-04 21:24:18,1704401701,0.102488,0.109926,0.1,0.106229,1435.21
2026-05-04 21:24:19,1704402001,0.106711,0.111189,0.102458,0.104183,1875.97
2026-05-04 21:24:20,1704402301,0.103763,0.10841,0.101272,0.104775,1469.81
2026-05-04 21:24:20,1704402601,0.105448,0.112949,0.104698,0.111476,1250.09
2026-05-04 21:24:21,1704402901,0.111264,0.115338,0.103977,0.103977,1862.39
2026-05-04 21:24:22,1704403201,0.103654,0.112589,0.101184,0.110288,2055.47
2026-05-04 21:24:22,1704403501,0.1105,0.115035,0.103458,0.108844,1781.44
2026-05-04 21:24:23,1704403801,0.109336,0.114408,0.104087,0.104629,1953.27
2026-05-04 21:24:24,1704404101,0.104526,0.108908,0.1,0.102596,1681.74
2026-05-04 21:24:24,1704404401,0.10167,0.11137,0.1,0.1,1884.08
2026-05-04 21:24:25,1704404701,0.1,0.108292,0.1,0.10553,936.18
2026-05-04 21:24:26,1704405001,0.105853,0.116137,0.105853,0.111101,1565.94
2026-05-04 21:24:26,1704405301,0.110995,0.117045,0.10464,0.10603,2030.04
2026-05-04 21:24:27,1704405601,0.105699,0.110938,0.101699,0.109726,1847.65
2026-05-04 21:24:28,1704405901,0.109317,0.109707,0.1,0.102282,1848.91
2026-05-04 21:24:28,1704406201,0.102459,0.129574,0.101636,0.127049,2116.54
2026-05-04 21:24:29,1704406501,0.12646,0.149945,0.124414,0.14804,1315.9
2026-05-04 21:24:30,1704406801,0.148637,0.169775,0.147614,0.168037,1033.01
2026-05-04 21:24:30,1704407101,0.167971,0.183131,0.154363,0.154363,2125.93
2026-05-04 21:24:31,1704407401,0.155042,0.166747,0.150535,0.163284,1864.61
2026-05-04 21:24:32,1704407701,0.163206,0.164626,0.151353,0.152491,2181.51
2026-05-04 21:24:32,1704408001,0.152318,0.164389,0.139299,0.139299,1502.1
2026-05-04 21:24:33,1704408301,0.139684,0.145026,0.130013,0.135331,1165.46
2026-05-04 21:24:33,1704408601,0.135383,0.14417,0.13532,0.137761,1345.62
2026-05-04 21:24:34,1704408901,0.138154,0.139579,0.123714,0.132487,1148.64
2026-05-04 21:24:35,1704409201,0.132495,0.144076,0.131347,0.141296,1300.07
2026-05-04 21:24:35,1704409501,0.141722,0.143699,0.132476,0.13381,1584.59
2026-05-04 21:24:36,1704409801,0.134356,0.135358,0.118712,0.120601,1375.97
2026-05-04 21:24:37,1704410101,0.120063,0.129725,0.116476,0.129298,1382.78
2026-05-04 21:24:37,1704410401,0.129031,0.130249,0.125424,0.126965,1460.23
2026-05-04 21:24:38,1704410701,0.127874,0.14411,0.126876,0.140513,1809.29
2026-05-04 21:24:39,1704411001,0.140777,0.15201,0.139886,0.140024,1877.32
2026-05-04 21:24:39,1704411301,0.140904,0.156653,0.136289,0.148379,1410.66
2026-05-04 21:24:40,1704411601,0.147466,0.148354,0.139437,0.139968,2641.25
2026-05-04 21:24:41,1704411901,0.139274,0.14369,0.130988,0.133777,1707.56
2026-05-04 21:24:41,1704412201,0.134259,0.137323,0.114482,0.114482,1872.63
2026-05-04 21:24:42,1704412501,0.114361,0.116128,0.101125,0.103093,1246.12
2026-05-04 21:24:43,1704412801,0.10257,0.10895,0.1,0.10895,955.62
2026-05-04 21:24:43,1704413101,0.109264,0.1112,0.1,0.104533,1763.38
2026-05-04 21:24:44,1704413401,0.104052,0.112222,0.100998,0.100998,1673.16
2026-05-04 21:24:45,1704413701,0.101192,0.109346,0.1,0.109346,1881.71
2026-05-04 21:24:45,1704414001,0.109277,0.135723,0.106741,0.127545,1957.46
2026-05-04 21:24:46,1704414301,0.128028,0.129712,0.116261,0.127921,1938.04
2026-05-04 21:24:47,1704414601,0.127972,0.14146,0.127788,0.130868,1609.34
2026-05-04 21:24:47,1704414901,0.130501,0.131433,0.118806,0.118806,1418.75
2026-05-04 21:24:48,1704415201,0.118136,0.118136,0.104415,0.116289,1865.83
2026-05-04 21:24:49,1704415501,0.116221,0.127101,0.114267,0.125885,1175.72
2026-05-04 21:24:49,1704415801,0.126509,0.130775,0.113828,0.114793,1622.48
2026-05-04 21:24:50,1704416101,0.116174,0.117381,0.108755,0.111987,1488.67
2026-05-04 21:24:51,1704416401,0.11137,0.127505,0.110525,0.121131,1652.81
2026-05-04 21:24:51,1704416701,0.121893,0.122521,0.10489,0.111451,2383.82
2026-05-04 21:24:52,1704417001,0.112427,0.114103,0.1,0.102503,1168.95
2026-05-04 21:24:53,1704417301,0.103187,0.108181,0.1,0.10091,1797.15
2026-05-04 21:24:53,1704417601,0.100516,0.103875,0.1,0.102799,1710.62
2026-05-04 21:24:54,1704417901,0.102867,0.105356,0.1,0.101349,1721.52
2026-05-04 21:24:55,1704418201,0.10138,0.105704,0.1,0.103544,1674.1
2026-05-04 21:24:55,1704418501,0.103556,0.104338,0.1,0.104338,1872.94
2026-05-04 21:24:56,1704418801,0.103823,0.114243,0.1,0.1,1211.39
2026-05-04 21:24:56,1704419101,0.100669,0.107748,0.1,0.10213,1635.68
2026-05-04 21:24:57,1704419401,0.101696,0.115377,0.1,0.111983,1512.1
2026-05-04 21:24:58,1704419701,0.112325,0.119828,0.109058,0.117144,1117.66
2026-05-04 21:24:58,1704420001,0.116791,0.118901,0.106331,0.115624,1780.5
2026-05-04 21:24:59,1704420301,0.116126,0.116434,0.106021,0.108283,1394.57
2026-05-04 21:25:00,1704420601,0.108101,0.110896,0.1,0.10146,1637.18
2026-05-04 21:25:01,1704420901,0.101547,0.108388,0.1,0.104118,2109.05
2026-05-04 21:25:01,1704421201,0.104592,0.109224,0.1,0.102577,1458.16
2026-05-04 21:25:02,1704421501,0.103079,0.108205,0.1,0.101335,1227.93
2026-05-04 21:25:03,1704421801,0.101545,0.103091,0.1,0.101698,1629.2
2026-05-04 21:25:03,1704422101,0.101686,0.120704,0.1,0.119454,1398.65
2026-05-04 21:25:04,1704422401,0.119753,0.124063,0.112689,0.119332,2133.53
2026-05-04 21:25:04,1704422701,0.119976,0.120746,0.1,0.101607,1372.35
2026-05-04 21:25:05,1704423001,0.101177,0.108307,0.1,0.108088,1453.65
2026-05-04 21:25:06,1704423301,0.107975,0.119536,0.105117,0.1156,1791.96
2026-05-04 21:25:06,1704423601,0.115555,0.122841,0.108763,0.121995,1600.56
2026-05-04 21:25:07,1704423901,0.121939,0.126648,0.11267,0.121156,1939.53
2026-05-04 21:25:08,1704424201,0.120393,0.126551,0.114075,0.126019,1843.41
2026-05-04 21:25:08,1704424501,0.126005,0.136581,0.120691,0.136581,1860.85
2026-05-04 21:25:09,1704424801,0.138178,0.151769,0.136265,0.150332,1258.81
2026-05-04 21:25:10,1704425101,0.150558,0.160387,0.14478,0.158225,1203.18
2026-05-04 21:25:11,1704425401,0.159134,0.165525,0.151254,0.156864,1614.11
2026-05-04 21:25:12,1704425701,0.155276,0.165462,0.152715,0.163843,1548.91
2026-05-04 21:25:13,1704426001,0.162786,0.165607,0.15543,0.159245,2334.54
2026-05-04 21:25:13,1704426301,0.159053,0.169998,0.146433,0.1643,1881.53
2026-05-04 21:25:14,1704426601,0.164878,0.191639,0.161812,0.179527,2417.86
2026-05-04 21:25:14,1704426901,0.179927,0.194569,0.174024,0.187856,1740.87
2026-05-04 21:25:15,1704427201,0.186961,0.198193,0.178113,0.181447,2294.9
2026-05-04 21:25:16,1704427501,0.180745,0.193784,0.165926,0.193208,1420.35
2026-05-04 21:25:17,1704427801,0.194795,0.201972,0.191989,0.198926,1303.55
2026-05-04 21:25:17,1704428101,0.198443,0.209947,0.191829,0.200904,1729.56
2026-05-04 21:25:18,1704428401,0.199621,0.221345,0.196815,0.213416,2257.29
2026-05-04 21:25:19,1704428701,0.214129,0.219738,0.182466,0.183625,1408.36
2026-05-04 21:25:19,1704429001,0.18507,0.211164,0.182294,0.202675,1946.65
2026-05-04 21:25:20,1704429301,0.204192,0.212257,0.19831,0.210585,1771.49
2026-05-04 21:25:21,1704429601,0.212249,0.212249,0.193803,0.205143,2040.84
2026-05-04 21:25:21,1704429901,0.20406,0.213013,0.193469,0.194849,1652.1
2026-05-04 21:25:22,1704430201,0.194445,0.201442,0.183173,0.200555,1930.08
2026-05-04 21:25:23,1704430501,0.201181,0.214435,0.19205,0.209707,1524.27
2026-05-04 21:25:23,1704430801,0.211181,0.230877,0.205987,0.222442,1624.3
2026-05-04 21:25:24,1704431101,0.222904,0.228767,0.215971,0.227163,2018.78
2026-05-04 21:25:25,1704431401,0.226855,0.233235,0.214005,0.220048,1587.0
2026-05-04 21:25:25,1704431701,0.220917,0.236415,0.209476,0.216848,1619.35
2026-05-04 21:25:26,1704432001,0.2164,0.273471,0.211829,0.266835,1492.53
2026-05-04 21:25:27,1704432301,0.268253,0.300416,0.262552,0.274308,1453.85
2026-05-04 21:25:28,1704432601,0.27564,0.313196,0.271627,0.310671,1328.08
2026-05-04 21:25:28,1704432901,0.310309,0.319943,0.283632,0.284051,1671.43
2026-05-04 21:25:29,1704433201,0.283858,0.283858,0.255017,0.255414,1695.86
2026-05-04 21:25:30,1704433501,0.25476,0.263134,0.238273,0.238521,1399.03
2026-05-04 21:25:30,1704433801,0.239697,0.269425,0.237997,0.268367,1731.32
2026-05-04 21:25:31,1704434101,0.268236,0.308421,0.266087,0.308216,1846.72
2026-05-04 21:25:32,1704434401,0.309447,0.319828,0.301981,0.311929,1348.03
2026-05-04 21:25:32,1704434701,0.31107,0.323224,0.280032,0.281905,1950.76
2026-05-04 21:25:33,1704435001,0.282402,0.312482,0.282402,0.299765,2007.41
2026-05-04 21:25:34,1704435301,0.302239,0.313554,0.280922,0.288771,2161.69
2026-05-04 21:25:34,1704435601,0.289155,0.295627,0.257615,0.259419,1295.51
2026-05-04 21:25:35,1704435901,0.260777,0.260777,0.23723,0.252867,2004.54
2026-05-04 21:25:36,1704436201,0.252548,0.314084,0.247776,0.31339,1585.01
2026-05-04 21:25:36,1704436501,0.314921,0.328012,0.293038,0.298243,1494.8
2026-05-04 21:25:37,1704436801,0.298828,0.340575,0.298459,0.330958,1788.9
2026-05-04 21:25:38,1704437101,0.330382,0.348196,0.309856,0.320492,2278.41
2026-05-04 21:25:38,1704437401,0.318712,0.332325,0.298799,0.316874,1506.03
2026-05-04 21:25:39,1704437701,0.318069,0.343899,0.308425,0.324908,1144.91
2026-05-04 21:25:39,1704438001,0.324446,0.330759,0.300822,0.303034,1191.36
2026-05-04 21:25:40,1704438301,0.302401,0.338105,0.300005,0.324254,1262.95
2026-05-04 21:25:41,1704438601,0.321493,0.324389,0.286836,0.303942,1508.82
2026-05-04 21:25:42,1704438901,0.304034,0.308661,0.284679,0.290968,2276.34
2026-05-04 21:25:42,1704439201,0.290828,0.318274,0.285602,0.310875,1813.76
2026-05-04 21:25:43,1704439501,0.310895,0.317961,0.276028,0.277564,1319.25
2026-05-04 21:25:44,1704439801,0.276519,0.286927,0.256168,0.263188,1692.01
2026-05-04 21:25:44,1704440101,0.265195,0.269641,0.246434,0.255121,1448.16
2026-05-04 21:25:45,1704440401,0.257844,0.27962,0.237954,0.246859,1393.69
2026-05-04 21:25:46,1704440701,0.246596,0.251682,0.212386,0.217143,2068.83
2026-05-04 21:25:47,1704441001,0.217506,0.242744,0.215887,0.224941,1484.37
2026-05-04 21:25:48,1704441301,0.222611,0.236712,0.209638,0.215038,2191.78
2026-05-04 21:25:48,1704441601,0.214578,0.239729,0.213346,0.228213,1688.52
2026-05-04 21:25:49,1704441901,0.227205,0.236693,0.211945,0.214295,1561.61
2026-05-04 21:25:50,1704442201,0.214181,0.257485,0.206142,0.248512,1662.72
2026-05-04 21:25:51,1704442501,0.248542,0.248542,0.225025,0.241538,1017.64
2026-05-04 21:25:51,1704442801,0.23992,0.250444,0.211092,0.212763,1166.84
2026-05-04 21:25:52,1704443101,0.213471,0.221792,0.210595,0.221113,1050.77
2026-05-04 21:25:52,1704443401,0.221815,0.224787,0.196505,0.208605,2045.35
2026-05-04 21:25:53,1704443701,0.207431,0.245297,0.204605,0.244887,1732.7
2026-05-04 21:25:54,1704444001,0.245662,0.25032,0.216974,0.238412,1465.5
2026-05-04 21:25:55,1704444301,0.239382,0.259956,0.22212,0.254157,1989.16
2026-05-04 21:25:55,1704444601,0.253477,0.256519,0.244042,0.244338,1635.87
2026-05-04 21:25:56,1704444901,0.243452,0.260463,0.240408,0.256032,1595.46
2026-05-04 21:25:56,1704445201,0.255441,0.272242,0.239113,0.242999,1721.13
2026-05-04 21:25:57,1704445501,0.244191,0.253295,0.22626,0.238093,1621.88
2026-05-04 21:25:58,1704445801,0.238221,0.27839,0.235733,0.271009,1461.37
2026-05-04 21:25:58,1704446101,0.271682,0.296302,0.263437,0.264344,1468.59
2026-05-04 21:25:59,1704446401,0.265221,0.268994,0.247714,0.266515,1296.21
2026-05-04 21:26:00,1704446701,0.267187,0.274525,0.250494,0.273749,1690.07
2026-05-04 21:26:00,1704447001,0.2732,0.279981,0.239523,0.255394,2011.17
2026-05-04 21:26:01,1704447301,0.255452,0.282417,0.251273,0.280225,1086.34
2026-05-04 21:26:02,1704447601,0.279777,0.30253,0.273947,0.292451,1393.7
2026-05-04 21:26:02,1704447901,0.292906,0.298674,0.275226,0.275508,2017.35
2026-05-04 21:26:03,1704448201,0.276082,0.290127,0.273833,0.286443,2004.15
2026-05-04 21:26:04,1704448501,0.28223,0.288908,0.262486,0.270013,1698.53
2026-05-04 21:26:04,1704448801,0.269771,0.271302,0.235624,0.236379,1589.16
2026-05-04 21:26:05,1704449101,0.235933,0.235933,0.217308,0.222843,1382.73
2026-05-04 21:26:06,1704449401,0.224008,0.2258,0.212545,0.224488,1864.47
2026-05-04 21:26:06,1704449701,0.224005,0.244998,0.215853,0.223081,1713.21
2026-05-04 21:26:07,1704450001,0.222303,0.227078,0.211647,0.226492,1455.04
2026-05-04 21:26:08,1704450301,0.226476,0.244554,0.224948,0.235366,1590.85
2026-05-04 21:26:08,1704450601,0.235832,0.23979,0.218605,0.227453,1863.4
2026-05-04 21:26:09,1704450901,0.227373,0.238018,0.224623,0.228563,1590.03
2026-05-04 21:26:10,1704451201,0.22853,0.232941,0.206576,0.225282,1769.84
2026-05-04 21:26:10,1704451501,0.224339,0.268488,0.222825,0.262688,1586.82
2026-05-04 21:26:11,1704451801,0.258467,0.262695,0.242824,0.250493,1583.92
2026-05-04 21:26:12,1704452101,0.24988,0.266793,0.237254,0.262604,1404.9
2026-05-04 21:26:12,1704452401,0.261955,0.2982,0.261104,0.292244,1644.98
2026-05-04 21:26:13,1704452701,0.291752,0.317427,0.289555,0.309689,1239.8
2026-05-04 21:26:14,1704453001,0.309835,0.316215,0.269666,0.271152,1990.94
2026-05-04 21:26:14,1704453301,0.271327,0.279482,0.250054,0.250054,2037.02
2026-05-04 21:26:15,1704453601,0.249352,0.265681,0.243086,0.255836,1298.95
2026-05-04 21:26:16,1704453901,0.255949,0.290244,0.25456,0.266223,1983.03
2026-05-04 21:26:16,1704454201,0.267444,0.282551,0.265372,0.275087,1032.77
2026-05-04 21:26:17,1704454501,0.27498,0.28128,0.257861,0.271054,1454.41
2026-05-04 21:26:18,1704454801,0.270749,0.309409,0.265006,0.279586,1818.73
2026-05-04 21:26:18,1704455101,0.280095,0.304949,0.280095,0.291352,1893.2
2026-05-04 21:26:19,1704455401,0.290126,0.292157,0.267402,0.27505,1687.41
2026-05-04 21:26:20,1704455701,0.274539,0.291266,0.263373,0.272233,1841.75
2026-05-04 21:26:20,1704456001,0.272035,0.285422,0.251062,0.254638,1431.64
2026-05-04 21:26:21,1704456301,0.255266,0.278076,0.246717,0.248489,1823.0
2026-05-04 21:26:22,1704456601,0.249591,0.27692,0.241494,0.244749,2142.4
2026-05-04 21:26:22,1704456901,0.24454,0.247511,0.227042,0.227042,1794.95
2026-05-04 21:26:23,1704457201,0.228456,0.233325,0.201724,0.202858,1329.87
2026-05-04 21:26:24,1704457501,0.202322,0.221877,0.199226,0.213517,1729.93
2026-05-04 21:26:24,1704457801,0.213276,0.230058,0.19729,0.222304,2045.23
2026-05-04 21:26:25,1704458101,0.223762,0.225028,0.1918,0.202112,1336.93
2026-05-04 21:26:26,1704458401,0.202237,0.212219,0.19614,0.2043,1934.56
2026-05-04 21:26:26,1704458701,0.206003,0.21814,0.203917,0.210815,1791.72
2026-05-04 21:26:27,1704459001,0.211331,0.225684,0.206597,0.212988,1887.87
2026-05-04 21:26:28,1704459301,0.214001,0.226967,0.202608,0.213581,1141.17
2026-05-04 21:26:28,1704459601,0.213824,0.221285,0.205125,0.211184,1498.11
2026-05-04 21:26:29,1704459901,0.209995,0.229535,0.207043,0.221802,1659.98
2026-05-04 21:26:30,1704460201,0.22226,0.232569,0.210627,0.220696,1587.7
2026-05-04 21:26:31,1704460501,0.221333,0.231632,0.200621,0.208924,1640.59
2026-05-04 21:26:31,1704460801,0.209233,0.209233,0.187561,0.187561,1411.15
2026-05-04 21:26:32,1704461101,0.186948,0.190366,0.177576,0.182059,1567.59
2026-05-04 21:26:33,1704461401,0.181533,0.196285,0.181375,0.19139,1591.79
2026-05-04 21:26:33,1704461701,0.192168,0.208308,0.18982,0.208308,1698.39
2026-05-04 21:26:34,1704462001,0.208632,0.210238,0.198264,0.198264,1669.41
2026-05-04 21:26:35,1704462301,0.19814,0.217471,0.193206,0.213932,1493.02
2026-05-04 21:26:35,1704462601,0.212367,0.212367,0.190445,0.193607,1406.92
2026-05-04 21:26:36,1704462901,0.192604,0.198459,0.18594,0.19085,1939.36
2026-05-04 21:26:37,1704463201,0.189655,0.197359,0.182101,0.189475,1888.91
2026-05-04 21:26:38,1704463501,0.188939,0.19349,0.178069,0.178763,1501.79
2026-05-04 21:26:38,1704463801,0.179021,0.196853,0.175415,0.177103,1485.44
2026-05-04 21:26:39,1704464101,0.177898,0.181919,0.163724,0.177608,1288.1
2026-05-04 21:26:40,1704464401,0.17608,0.195737,0.166208,0.186692,1419.95
2026-05-04 21:26:40,1704464701,0.187438,0.187438,0.152389,0.161867,1829.27
2026-05-04 21:26:41,1704465001,0.163152,0.169002,0.152394,0.153175,1669.66
2026-05-04 21:26:42,1704465301,0.152425,0.166172,0.152425,0.159968,1693.55
2026-05-04 21:26:43,1704465601,0.159932,0.176433,0.158481,0.17507,1881.42
2026-05-04 21:26:43,1704465901,0.174521,0.183066,0.170819,0.178285,1756.21
2026-05-04 21:26:44,1704466201,0.179404,0.192581,0.177967,0.192191,1396.21
2026-05-04 21:26:45,1704466501,0.191586,0.203434,0.180314,0.186099,2012.52
2026-05-04 21:26:46,1704466801,0.186138,0.195009,0.180935,0.194022,2178.15
2026-05-04 21:26:46,1704467101,0.19501,0.195321,0.147913,0.163611,1489.82
2026-05-04 21:26:47,1704467401,0.163487,0.170068,0.159117,0.168787,1544.96
2026-05-04 21:26:48,1704467701,0.168538,0.185497,0.165344,0.174915,1835.39
2026-05-04 21:26:49,1704468001,0.175459,0.175459,0.156868,0.158917,1165.86
2026-05-04 21:26:49,1704468301,0.159186,0.167264,0.151715,0.152451,1751.71
2026-05-04 21:26:50,1704468601,0.152459,0.168805,0.150378,0.165343,1557.81
2026-05-04 21:26:51,1704468901,0.164425,0.193776,0.164098,0.193615,1347.25
2026-05-04 21:26:51,1704469201,0.194443,0.197643,0.17731,0.191295,2156.09
2026-05-04 21:26:52,1704469501,0.190723,0.196311,0.181065,0.192871,1674.92
2026-05-04 21:26:53,1704469801,0.192944,0.203677,0.179649,0.193674,1458.77
2026-05-04 21:26:53,1704470101,0.193201,0.198557,0.18102,0.181724,1448.32
2026-05-04 21:26:54,1704470401,0.181837,0.181837,0.158981,0.158981,1409.49
2026-05-04 21:26:55,1704470701,0.158856,0.17972,0.157527,0.17972,1288.43
2026-05-04 21:26:55,1704471001,0.179935,0.188487,0.173353,0.175015,2258.09
2026-05-04 21:26:56,1704471301,0.174919,0.20585,0.174919,0.195563,1577.99
2026-05-04 21:26:57,1704471601,0.196376,0.214355,0.192682,0.210504,1250.82
2026-05-04 21:26:57,1704471901,0.209795,0.233211,0.208194,0.23071,1534.54
2026-05-04 21:26:58,1704472201,0.232653,0.24574,0.229533,0.243839,2467.37
2026-05-04 21:26:59,1704472501,0.243922,0.294822,0.243922,0.291899,1222.44
2026-05-04 21:27:00,1704472801,0.291014,0.315955,0.286285,0.289494,1458.43
2026-05-04 21:27:00,1704473101,0.290781,0.346455,0.288135,0.328631,1661.58
2026-05-04 21:27:01,1704473401,0.330053,0.355531,0.32161,0.345639,2001.82
2026-05-04 21:27:02,1704473701,0.345119,0.347422,0.31375,0.321094,1367.02
2026-05-04 21:27:02,1704474001,0.321624,0.329645,0.313507,0.321,1207.15
2026-05-04 21:27:03,1704474301,0.31951,0.368629,0.319184,0.368629,1747.17
2026-05-04 21:27:04,1704474601,0.366479,0.384032,0.3385,0.34411,1295.21
2026-05-04 21:27:05,1704474901,0.34651,0.373051,0.341634,0.352237,2158.84
2026-05-04 21:27:05,1704475201,0.351533,0.362992,0.332401,0.361671,2083.43
2026-05-04 21:27:06,1704475501,0.362339,0.362339,0.329287,0.339487,1229.81
2026-05-04 21:27:07,1704475801,0.338109,0.365319,0.326883,0.342677,1706.29
2026-05-04 21:27:08,1704476101,0.345539,0.36936,0.329305,0.359968,2033.94
2026-05-04 21:27:09,1704476401,0.359474,0.406412,0.359265,0.400276,1921.64
2026-05-04 21:27:10,1704476701,0.402618,0.409786,0.346051,0.36269,2355.11
2026-05-04 21:27:11,1704477001,0.36488,0.388647,0.356584,0.358641,1509.35
2026-05-04 21:27:11,1704477301,0.357537,0.384473,0.336072,0.372695,2095.24
2026-05-04 21:27:12,1704477601,0.373967,0.409949,0.373077,0.386483,2060.71
2026-05-04 21:27:13,1704477901,0.386406,0.39271,0.34571,0.389893,1829.68
2026-05-04 21:27:13,1704478201,0.386439,0.419646,0.385066,0.410777,2044.26
2026-05-04 21:27:14,1704478501,0.407956,0.438387,0.365412,0.366852,1464.37
2026-05-04 21:27:15,1704478801,0.365401,0.371197,0.328405,0.338156,1684.89
2026-05-04 21:27:16,1704479101,0.338422,0.402703,0.335153,0.401227,1682.71
2026-05-04 21:27:17,1704479401,0.402394,0.419786,0.391926,0.409753,1707.12
2026-05-04 21:27:18,1704479701,0.41025,0.432526,0.40438,0.410091,1883.58
2026-05-04 21:27:18,1704480001,0.410906,0.413881,0.380401,0.384039,1315.61
2026-05-04 21:27:19,1704480301,0.384994,0.38565,0.330685,0.338938,1128.29
2026-05-04 21:27:20,1704480601,0.33284,0.333908,0.301741,0.318877,1580.91
2026-05-04 21:27:20,1704480901,0.317411,0.317411,0.289971,0.295907,1130.25
2026-05-04 21:27:21,1704481201,0.297735,0.30391,0.269332,0.283282,1511.65
2026-05-04 21:27:22,1704481501,0.283896,0.302807,0.276577,0.278587,1526.71
2026-05-04 21:27:23,1704481801,0.279384,0.300837,0.276698,0.291299,1215.52
2026-05-04 21:27:24,1704482101,0.29168,0.302747,0.271711,0.273354,1462.39
2026-05-04 21:27:24,1704482401,0.273377,0.291801,0.266463,0.277471,1619.36
2026-05-04 21:27:25,1704482701,0.281321,0.290946,0.263529,0.282144,1889.59
2026-05-04 21:27:26,1704483001,0.280784,0.315483,0.261799,0.312747,1787.39
2026-05-04 21:27:26,1704483301,0.313015,0.392786,0.295222,0.378057,1785.3
2026-05-04 21:27:27,1704483601,0.377878,0.387565,0.351273,0.37042,1736.57
2026-05-04 21:27:28,1704483901,0.369438,0.446093,0.369438,0.435441,1189.39
2026-05-04 21:27:29,1704484201,0.434789,0.472563,0.434133,0.457573,1951.19
2026-05-04 21:27:30,1704484501,0.459686,0.47586,0.444714,0.45716,1821.71
2026-05-04 21:27:30,1704484801,0.457893,0.465273,0.413399,0.417904,2057.22
2026-05-04 21:27:31,1704485101,0.418184,0.419507,0.375741,0.400621,2168.55
2026-05-04 21:27:32,1704485401,0.403839,0.418402,0.370756,0.391257,2194.47
2026-05-04 21:27:33,1704485701,0.39277,0.432755,0.379327,0.432755,1807.71
2026-05-04 21:27:33,1704486001,0.434672,0.459002,0.418995,0.446271,2030.81
2026-05-04 21:27:34,1704486301,0.448044,0.485969,0.446872,0.469649,1048.07
2026-05-04 21:27:35,1704486601,0.468156,0.497387,0.456702,0.490955,1811.79
2026-05-04 21:27:36,1704486901,0.492131,0.533136,0.482604,0.497006,1955.11
2026-05-04 21:27:36,1704487201,0.497625,0.53846,0.475884,0.47607,2151.24
2026-05-04 21:27:37,1704487501,0.477723,0.477723,0.403488,0.40574,1710.89
2026-05-04 21:27:38,1704487801,0.404487,0.429949,0.397843,0.411866,1731.15
2026-05-04 21:27:38,1704488101,0.411073,0.427202,0.403134,0.41703,1774.89
2026-05-04 21:27:39,1704488401,0.419267,0.461733,0.401023,0.448371,1769.05
2026-05-04 21:27:40,1704488701,0.448603,0.471822,0.442365,0.468176,1796.19
2026-05-04 21:27:41,1704489001,0.467684,0.510338,0.461131,0.504517,968.9
2026-05-04 21:27:41,1704489301,0.511076,0.511076,0.467107,0.490336,1551.86
2026-05-04 21:27:42,1704489601,0.489054,0.52978,0.489054,0.521984,1951.28
2026-05-04 21:27:43,1704489901,0.52085,0.553914,0.494204,0.524606,1791.54
2026-05-04 21:27:43,1704490201,0.52089,0.556255,0.514884,0.52955,1366.81
2026-05-04 21:27:44,1704490501,0.531951,0.558894,0.515189,0.535993,1920.18
2026-05-04 21:27:45,1704490801,0.536287,0.591769,0.506207,0.506359,1914.33
2026-05-04 21:27:46,1704491101,0.50889,0.561462,0.492886,0.543883,2070.64
2026-05-04 21:27:46,1704491401,0.538484,0.543942,0.492427,0.500272,1947.81
2026-05-04 21:27:47,1704491701,0.499004,0.547169,0.490151,0.513187,1776.45
2026-05-04 21:27:48,1704492001,0.514338,0.560562,0.505177,0.549115,1871.19
2026-05-04 21:27:48,1704492301,0.550197,0.607042,0.54734,0.603195,1549.41
2026-05-04 21:27:49,1704492601,0.606057,0.61204,0.505682,0.508075,1577.89
2026-05-04 21:27:50,1704492901,0.508422,0.562976,0.48029,0.549612,1320.16
2026-05-04 21:27:51,1704493201,0.549264,0.563524,0.487116,0.490052,1857.91
2026-05-04 21:27:51,1704493501,0.49053,0.49503,0.453299,0.483309,2369.66
2026-05-04 21:27:52,1704493801,0.485304,0.536711,0.480985,0.502441,2163.63
2026-05-04 21:27:53,1704494101,0.503885,0.506395,0.404418,0.42825,1579.59
2026-05-04 21:27:53,1704494401,0.430463,0.442582,0.415242,0.431371,1437.74
2026-05-04 21:27:54,1704494701,0.431874,0.464078,0.412623,0.448869,1790.84
2026-05-04 21:27:55,1704495001,0.448845,0.472462,0.425391,0.462149,1692.75
2026-05-04 21:27:56,1704495301,0.462226,0.513987,0.452573,0.475802,1282.42
2026-05-04 21:27:56,1704495601,0.477372,0.482355,0.438583,0.460713,1731.62
2026-05-04 21:27:57,1704495901,0.456981,0.514358,0.429432,0.510681,1747.2
2026-05-04 21:27:58,1704496201,0.513462,0.568069,0.485801,0.558342,1750.55
2026-05-04 21:27:59,1704496501,0.558292,0.591022,0.534273,0.553155,1734.44
2026-05-04 21:27:59,1704496801,0.547679,0.596375,0.547679,0.589471,1597.86
2026-05-04 21:28:00,1704497101,0.591174,0.640457,0.570415,0.619998,2047.29
2026-05-04 21:28:01,1704497401,0.618831,0.642373,0.601109,0.617859,1944.32
2026-05-04 21:28:01,1704497701,0.619753,0.668222,0.614746,0.652301,1307.48
2026-05-04 21:28:02,1704498001,0.65193,0.687058,0.619232,0.672506,2222.53
2026-05-04 21:28:03,1704498301,0.669061,0.744467,0.666394,0.740497,1496.8
2026-05-04 21:28:03,1704498601,0.738626,0.75855,0.607492,0.648048,1573.68
2026-05-04 21:28:04,1704498901,0.646682,0.670948,0.617964,0.619578,1711.8
2026-05-04 21:28:05,1704499201,0.618793,0.620028,0.508747,0.523437,1904.78
2026-05-04 21:28:05,1704499501,0.521764,0.592168,0.521232,0.563061,1594.13
2026-05-04 21:28:06,1704499801,0.559971,0.576589,0.527816,0.56232,1686.94
2026-05-04 21:28:07,1704500101,0.565439,0.604055,0.554693,0.577072,1693.68
2026-05-04 21:28:08,1704500401,0.574651,0.663241,0.574645,0.61921,1221.76
2026-05-04 21:28:08,1704500701,0.620149,0.63993,0.608528,0.633561,1778.78
2026-05-04 21:28:09,1704501001,0.633907,0.660678,0.611616,0.627262,1779.91
2026-05-04 21:28:09,1704501301,0.629654,0.705108,0.628063,0.666354,1528.82
2026-05-04 21:28:10,1704501601,0.667653,0.681656,0.634087,0.654648,1488.17
2026-05-04 21:28:11,1704501901,0.6522,0.697609,0.637486,0.695771,1263.94
2026-05-04 21:28:11,1704502201,0.698718,0.788465,0.677236,0.682155,1848.05
2026-05-04 21:28:12,1704502501,0.674902,0.800778,0.672309,0.742496,2377.21
2026-05-04 21:28:13,1704502801,0.74196,0.776277,0.704656,0.749345,1578.29
2026-05-04 21:28:13,1704503101,0.745442,0.843428,0.742721,0.836917,1701.49
2026-05-04 21:28:14,1704503401,0.837199,0.868368,0.826036,0.851739,1430.82
2026-05-04 21:28:15,1704503701,0.856614,0.865173,0.782037,0.808603,1757.72
2026-05-04 21:28:15,1704504001,0.803721,0.810772,0.683948,0.737119,1451.99
2026-05-04 21:28:16,1704504301,0.739104,0.749368,0.672756,0.72583,1326.84
2026-05-04 21:28:17,1704504601,0.736628,0.736628,0.669711,0.703338,1619.28
2026-05-04 21:28:17,1704504901,0.702123,0.714476,0.618671,0.632168,1874.02
2026-05-04 21:28:18,1704505201,0.63298,0.662944,0.611179,0.647471,2309.11
2026-05-04 21:28:19,1704505501,0.645764,0.754909,0.645764,0.704583,1584.54
2026-05-04 21:28:19,1704505801,0.702485,0.78189,0.701404,0.769299,1928.47
2026-05-04 21:28:20,1704506101,0.766706,0.84342,0.763206,0.815085,1137.05
2026-05-04 21:28:21,1704506401,0.815672,0.827843,0.758336,0.804922,1751.5
2026-05-04 21:28:22,1704506701,0.798514,0.812977,0.692849,0.728142,1308.08
2026-05-04 21:28:22,1704507001,0.726736,0.764343,0.701277,0.718618,2301.9
2026-05-04 21:28:23,1704507301,0.718555,0.831667,0.718555,0.807018,1297.62
2026-05-04 21:28:24,1704507601,0.805122,0.808071,0.725745,0.769897,1935.44
2026-05-04 21:28:25,1704507901,0.767892,0.78037,0.706026,0.71056,1864.11
2026-05-04 21:28:26,1704508201,0.712259,0.729168,0.665115,0.665115,1550.02
2026-05-04 21:28:26,1704508501,0.666067,0.758103,0.659235,0.735176,1167.4
2026-05-04 21:28:27,1704508801,0.730166,0.75002,0.682175,0.717096,1710.47
2026-05-04 21:28:28,1704509101,0.719983,0.731527,0.694453,0.709535,1369.55
2026-05-04 21:28:28,1704509401,0.723044,0.745086,0.684829,0.687013,1683.97
2026-05-04 21:28:29,1704509701,0.686545,0.692327,0.65408,0.671365,2181.75
2026-05-04 21:28:30,1704510001,0.672534,0.740584,0.667103,0.712202,1527.96
2026-05-04 21:28:31,1704510301,0.714228,0.752357,0.66782,0.688864,1487.61
2026-05-04 21:28:31,1704510601,0.690212,0.699272,0.648621,0.694825,1871.84
2026-05-04 21:28:32,1704510901,0.693998,0.877685,0.693998,0.840775,1423.82
2026-05-04 21:28:33,1704511201,0.841517,0.870268,0.765385,0.794692,1584.58
2026-05-04 21:28:33,1704511501,0.794049,0.806525,0.764806,0.788879,1475.39
2026-05-04 21:28:34,1704511801,0.78706,0.797512,0.638138,0.648959,1929.05
2026-05-04 21:28:35,1704512101,0.65009,0.681848,0.626523,0.660411,1512.85
2026-05-04 21:28:35,1704512401,0.663648,0.682218,0.626086,0.641062,1081.89
2026-05-04 21:28:36,1704512701,0.643008,0.66151,0.603658,0.660893,1687.67
2026-05-04 21:28:37,1704513001,0.660976,0.666283,0.603141,0.632314,1198.16
2026-05-04 21:28:37,1704513301,0.631216,0.632901,0.560826,0.566996,2095.96
2026-05-04 21:28:38,1704513601,0.56907,0.611673,0.558771,0.604317,2396.61
2026-05-04 21:28:39,1704513901,0.602252,0.602252,0.555148,0.591074,2128.21
2026-05-04 21:28:39,1704514201,0.591689,0.605946,0.553935,0.5753,1425.67
2026-05-04 21:28:40,1704514501,0.573245,0.596582,0.538633,0.539731,1503.84
2026-05-04 21:28:41,1704514801,0.537759,0.619322,0.537759,0.608184,1659.15
2026-05-04 21:28:41,1704515101,0.609218,0.650945,0.603427,0.643388,1491.03
2026-05-04 21:28:42,1704515401,0.644858,0.733598,0.642308,0.704882,1368.79
2026-05-04 21:28:43,1704515701,0.704772,0.77479,0.698127,0.752328,1613.25
2026-05-04 21:28:44,1704516001,0.752327,0.859505,0.736464,0.811552,1547.28
2026-05-04 21:28:44,1704516301,0.814387,0.826735,0.752826,0.754832,1755.47
2026-05-04 21:28:45,1704516601,0.754179,0.762647,0.722656,0.746897,2185.05
2026-05-04 21:28:46,1704516901,0.752859,0.763266,0.587726,0.61211,1708.36
2026-05-04 21:28:47,1704517201,0.612512,0.651167,0.571298,0.592933,2291.1
2026-05-04 21:28:47,1704517501,0.591968,0.651768,0.586988,0.614071,2041.84
2026-05-04 21:28:48,1704517801,0.616237,0.663264,0.597424,0.651595,1777.11
2026-05-04 21:28:49,1704518101,0.653855,0.748928,0.643674,0.74142,1464.28
2026-05-04 21:28:49,1704518401,0.741094,0.748691,0.651872,0.676393,1235.14
2026-05-04 21:28:50,1704518701,0.681092,0.758593,0.662039,0.740165,1477.77
2026-05-04 21:28:51,1704519001,0.74501,0.764709,0.68827,0.736298,1679.88
2026-05-04 21:28:52,1704519301,0.732807,0.74646,0.665901,0.66612,1802.37
2026-05-04 21:28:52,1704519601,0.663667,0.684042,0.645319,0.663404,1174.84
2026-05-04 21:28:53,1704519901,0.664822,0.724829,0.621563,0.66539,1621.31
2026-05-04 21:28:54,1704520201,0.658426,0.740092,0.652634,0.737264,1951.84
2026-05-04 21:28:54,1704520501,0.733323,0.7872,0.69247,0.7872,1819.75
2026-05-04 21:28:55,1704520801,0.787913,0.795145,0.723729,0.733675,1636.67
2026-05-04 21:28:56,1704521101,0.735839,0.741554,0.640725,0.653054,1686.28
2026-05-04 21:28:56,1704521401,0.655772,0.711968,0.647978,0.694076,2058.59
2026-05-04 21:28:57,1704521701,0.688024,0.694883,0.638056,0.679352,1801.99
2026-05-04 21:28:58,1704522001,0.679544,0.713804,0.638807,0.673169,1656.51
2026-05-04 21:28:58,1704522301,0.672238,0.684316,0.611994,0.626477,1647.23
2026-05-04 21:28:59,1704522601,0.6278,0.688945,0.6278,0.667087,1463.01
2026-05-04 21:29:00,1704522901,0.665425,0.776522,0.663887,0.703047,1521.78
2026-05-04 21:29:01,1704523201,0.698872,0.701918,0.630468,0.648008,1470.92
2026-05-04 21:29:01,1704523501,0.645544,0.648739,0.57165,0.588153,1426.22
2026-05-04 21:29:02,1704523801,0.588548,0.615086,0.563955,0.568843,1563.41
2026-05-04 21:29:03,1704524101,0.570358,0.596514,0.559621,0.576226,1477.45
2026-05-04 21:29:03,1704524401,0.575407,0.60238,0.563426,0.573047,1666.06
2026-05-04 21:29:04,1704524701,0.571794,0.609587,0.536881,0.540534,2323.28
2026-05-04 21:29:05,1704525001,0.541706,0.554277,0.458575,0.458575,1284.5
2026-05-04 21:29:05,1704525301,0.461337,0.474207,0.438411,0.452463,1750.23
2026-05-04 21:29:06,1704525601,0.454516,0.502179,0.451036,0.499788,1553.27
2026-05-04 21:29:07,1704525901,0.499859,0.523465,0.482386,0.484376,1262.68
2026-05-04 21:29:07,1704526201,0.487951,0.524657,0.446054,0.482942,1411.18
2026-05-04 21:29:08,1704526501,0.483533,0.520295,0.46134,0.469903,1269.18
2026-05-04 21:29:09,1704526801,0.46935,0.476164,0.43742,0.465422,1241.18
2026-05-04 21:29:09,1704527101,0.462773,0.480039,0.411534,0.427755,1558.78
2026-05-04 21:29:10,1704527401,0.42737,0.486391,0.42737,0.464844,1654.3
2026-05-04 21:29:11,1704527701,0.46442,0.504024,0.441331,0.504024,1471.79
2026-05-04 21:29:12,1704528001,0.504871,0.527755,0.464758,0.464908,1155.14
2026-05-04 21:29:12,1704528301,0.465539,0.482987,0.457927,0.48203,1546.97
2026-05-04 21:29:13,1704528601,0.484657,0.505989,0.468777,0.473754,1088.29
2026-05-04 21:29:13,1704528901,0.472783,0.473345,0.417391,0.417646,1649.77
2026-05-04 21:29:14,1704529201,0.417584,0.432751,0.396416,0.417677,1895.33
2026-05-04 21:29:15,1704529501,0.417823,0.448077,0.41563,0.426458,1582.51
2026-05-04 21:29:15,1704529801,0.427364,0.436401,0.407092,0.428546,1113.95
2026-05-04 21:29:16,1704530101,0.428899,0.435987,0.403443,0.407846,1999.79
2026-05-04 21:29:17,1704530401,0.407008,0.448001,0.403791,0.41951,1730.09
2026-05-04 21:29:18,1704530701,0.419068,0.45812,0.409234,0.409234,2101.31
2026-05-04 21:29:18,1704531001,0.408911,0.414184,0.379007,0.390445,1931.62
2026-05-04 21:29:19,1704531301,0.388833,0.388833,0.342193,0.366317,1739.59
2026-05-04 21:29:20,1704531601,0.366979,0.414715,0.353225,0.408564,2017.41
2026-05-04 21:29:20,1704531901,0.407624,0.422978,0.384749,0.418062,1957.81
2026-05-04 21:29:21,1704532201,0.421351,0.427353,0.356405,0.360177,1546.99
2026-05-04 21:29:22,1704532501,0.358077,0.384031,0.356943,0.378865,2304.86
2026-05-04 21:29:22,1704532801,0.380779,0.399334,0.374476,0.393896,1664.74
2026-05-04 21:29:23,1704533101,0.393419,0.421512,0.381384,0.412119,1648.22
2026-05-04 21:29:24,1704533401,0.413881,0.437715,0.386889,0.40005,1287.75
2026-05-04 21:29:24,1704533701,0.398005,0.41336,0.384722,0.397694,1967.18
2026-05-04 21:29:25,1704534001,0.395645,0.439109,0.392142,0.416514,1658.21
2026-05-04 21:29:26,1704534301,0.415957,0.429656,0.377103,0.428326,1126.86
2026-05-04 21:29:26,1704534601,0.427565,0.434059,0.408708,0.427101,2021.14
2026-05-04 21:29:27,1704534901,0.428463,0.451879,0.421551,0.447407,1858.63
2026-05-04 21:29:28,1704535201,0.44632,0.448127,0.394427,0.399398,1493.41
2026-05-04 21:29:28,1704535501,0.399661,0.403335,0.369652,0.371435,1405.2
2026-05-04 21:29:29,1704535801,0.369658,0.378677,0.321957,0.332223,1810.89
2026-05-04 21:29:30,1704536101,0.329719,0.334587,0.305813,0.32819,1910.41
2026-05-04 21:29:30,1704536401,0.328399,0.345387,0.324057,0.335674,1338.67
2026-05-04 21:29:31,1704536701,0.334054,0.3462,0.317849,0.324846,1348.05
2026-05-04 21:29:32,1704537001,0.325122,0.3428,0.302436,0.341779,781.25
2026-05-04 21:29:33,1704537301,0.340764,0.355154,0.315534,0.333795,2469.76
2026-05-04 21:29:33,1704537601,0.333106,0.339556,0.295328,0.298316,1595.58
2026-05-04 21:29:34,1704537901,0.297928,0.308895,0.275495,0.281436,1909.68
2026-05-04 21:29:35,1704538201,0.279991,0.295347,0.278177,0.289309,2557.19
2026-05-04 21:29:35,1704538501,0.293988,0.293988,0.264854,0.293939,1696.26
2026-05-04 21:29:36,1704538801,0.298145,0.342036,0.290803,0.338714,1876.85
2026-05-04 21:29:37,1704539101,0.338637,0.365566,0.330206,0.351973,1853.73
2026-05-04 21:29:37,1704539401,0.354626,0.368519,0.332467,0.347122,1221.55
2026-05-04 21:29:38,1704539701,0.346643,0.36097,0.339025,0.348355,1489.49
2026-05-04 21:29:39,1704540001,0.345996,0.357143,0.317695,0.353754,1158.17
2026-05-04 21:29:39,1704540301,0.354233,0.361522,0.326651,0.354138,1474.75
2026-05-04 21:29:40,1704540601,0.355413,0.362257,0.330391,0.356474,2270.16
2026-05-04 21:29:41,1704540901,0.355843,0.378587,0.354161,0.375467,1601.66
2026-05-04 21:29:41,1704541201,0.374568,0.429477,0.374568,0.418921,1828.24
2026-05-04 21:29:42,1704541501,0.419223,0.430456,0.377435,0.378496,1484.41
2026-05-04 21:29:43,1704541801,0.379234,0.405909,0.365366,0.386688,1565.18
2026-05-04 21:29:43,1704542101,0.386541,0.391136,0.34724,0.356326,1333.03
2026-05-04 21:29:44,1704542401,0.356187,0.385673,0.356187,0.369131,1159.36
2026-05-04 21:29:45,1704542701,0.366929,0.408435,0.364138,0.378971,1887.68
2026-05-04 21:29:46,1704543001,0.37981,0.388025,0.332087,0.332087,1424.35
2026-05-04 21:29:46,1704543301,0.332216,0.344127,0.310826,0.318371,1648.13
2026-05-04 21:29:47,1704543601,0.318589,0.351237,0.317019,0.337011,1533.92
2026-05-04 21:29:48,1704543901,0.336238,0.36498,0.322377,0.348762,1790.72
2026-05-04 21:29:48,1704544201,0.348357,0.348357,0.304463,0.330629,1890.06
2026-05-04 21:29:49,1704544501,0.329656,0.367889,0.326552,0.351124,2059.08
2026-05-04 21:29:50,1704544801,0.349184,0.349574,0.31684,0.325313,1380.8
2026-05-04 21:29:50,1704545101,0.325868,0.335046,0.311999,0.321247,1765.66
2026-05-04 21:29:51,1704545401,0.322567,0.372217,0.3208,0.358954,1425.56
2026-05-04 21:29:52,1704545701,0.357801,0.37632,0.333383,0.352011,1510.5
2026-05-04 21:29:52,1704546001,0.35231,0.381033,0.343706,0.372174,1626.37
2026-05-04 21:29:53,1704546301,0.37424,0.380162,0.334646,0.367196,1065.46
2026-05-04 21:29:54,1704546601,0.368682,0.390094,0.343799,0.352806,1849.99
2026-05-04 21:29:54,1704546901,0.351876,0.357048,0.29481,0.301765,1418.79
2026-05-04 21:29:55,1704547201,0.300856,0.339906,0.289004,0.327514,1787.9
2026-05-04 21:29:56,1704547501,0.326567,0.328759,0.295459,0.301236,1445.87
2026-05-04 21:29:56,1704547801,0.302546,0.332025,0.29783,0.319463,982.75
2026-05-04 21:29:57,1704548101,0.31577,0.316075,0.252621,0.257935,1621.04
2026-05-04 21:29:58,1704548401,0.257833,0.266565,0.246011,0.254962,1166.34
2026-05-04 21:29:58,1704548701,0.255428,0.255428,0.225249,0.234821,2119.23
2026-05-04 21:29:59,1704549001,0.235589,0.244785,0.212854,0.223514,1695.9
2026-05-04 21:30:00,1704549301,0.222763,0.224414,0.20612,0.209699,1936.49
2026-05-04 21:30:00,1704549601,0.209965,0.233588,0.206753,0.23225,1579.06
2026-05-04 21:30:01,1704549901,0.23246,0.241269,0.219976,0.234336,1780.66
2026-05-04 21:30:02,1704550201,0.234675,0.243169,0.221812,0.241987,1814.29
2026-05-04 21:30:02,1704550501,0.241713,0.256025,0.235559,0.236348,2234.47
2026-05-04 21:30:03,1704550801,0.235891,0.245408,0.232199,0.234569,2058.29
2026-05-04 21:30:04,1704551101,0.232811,0.270753,0.229499,0.269013,1675.17
2026-05-04 21:30:05,1704551401,0.26767,0.297682,0.264103,0.292287,1425.1
2026-05-04 21:30:05,1704551701,0.291464,0.292293,0.25685,0.25685,1654.13
2026-05-04 21:30:06,1704552001,0.256802,0.282456,0.249167,0.271808,867.96
2026-05-04 21:30:07,1704552301,0.272563,0.288651,0.24374,0.247759,2103.91
2026-05-04 21:30:07,1704552601,0.24976,0.25412,0.205794,0.216366,1941.04
2026-05-04 21:30:08,1704552901,0.217552,0.22868,0.210855,0.221857,1151.75
2026-05-04 21:30:09,1704553201,0.222816,0.259213,0.221304,0.25601,1503.84
2026-05-04 21:30:10,1704553501,0.256876,0.258027,0.219112,0.21964,1963.95
2026-05-04 21:30:10,1704553801,0.219595,0.241103,0.212492,0.234933,1442.08
2026-05-04 21:30:11,1704554101,0.236082,0.237508,0.197723,0.208268,1186.47
2026-05-04 21:30:12,1704554401,0.206395,0.236855,0.204146,0.226304,1659.61
2026-05-04 21:30:13,1704554701,0.225616,0.233132,0.204796,0.212735,2508.84
2026-05-04 21:30:14,1704555001,0.212378,0.214863,0.172396,0.177612,1552.42
2026-05-04 21:30:15,1704555301,0.177426,0.180274,0.161209,0.165232,2456.67
2026-05-04 21:30:15,1704555601,0.165379,0.187949,0.165379,0.175189,1343.4
2026-05-04 21:30:16,1704555901,0.175334,0.182047,0.167359,0.16972,1635.65
2026-05-04 21:30:17,1704556201,0.169456,0.178876,0.155822,0.156681,1744.92
2026-05-04 21:30:18,1704556501,0.15684,0.163935,0.150439,0.15987,1370.09
2026-05-04 21:30:18,1704556801,0.159344,0.183333,0.159344,0.173865,1048.94
2026-05-04 21:30:19,1704557101,0.174098,0.176635,0.166079,0.171171,1405.71
2026-05-04 21:30:20,1704557401,0.169157,0.17312,0.151904,0.151904,1258.02
2026-05-04 21:30:20,1704557701,0.152064,0.170732,0.149796,0.160578,1383.85
2026-05-04 21:30:21,1704558001,0.161134,0.170406,0.159244,0.159244,2189.79
2026-05-04 21:30:22,1704558301,0.159476,0.16842,0.155302,0.157702,1937.4
2026-05-04 21:30:22,1704558601,0.158502,0.161277,0.148949,0.15405,1767.48
2026-05-04 21:30:23,1704558901,0.153921,0.15739,0.147212,0.151996,1886.75
2026-05-04 21:30:24,1704559201,0.152422,0.160204,0.145264,0.14572,1538.04
2026-05-04 21:30:24,1704559501,0.145934,0.16122,0.140005,0.159728,1579.57
2026-05-04 21:30:25,1704559801,0.15928,0.176591,0.150796,0.168643,1938.18
2026-05-04 21:30:26,1704560101,0.168435,0.168718,0.148714,0.162239,1154.56
2026-05-04 21:30:27,1704560401,0.162215,0.166845,0.151842,0.160456,1687.12
2026-05-04 21:30:27,1704560701,0.160901,0.165602,0.155474,0.165036,1937.88
2026-05-04 21:30:28,1704561001,0.165025,0.17295,0.160949,0.161016,1556.43
2026-05-04 21:30:29,1704561301,0.160023,0.18001,0.158458,0.177328,1348.75
2026-05-04 21:30:29,1704561601,0.176868,0.191869,0.174679,0.175247,1730.89
2026-05-04 21:30:30,1704561901,0.175079,0.185114,0.171108,0.181135,1591.21
2026-05-04 21:30:31,1704562201,0.18121,0.200258,0.18121,0.198383,1486.55
2026-05-04 21:30:32,1704562501,0.200013,0.220741,0.199996,0.218593,1970.47
2026-05-04 21:30:32,1704562801,0.218221,0.228336,0.210537,0.223897,952.67
2026-05-04 21:30:33,1704563101,0.223758,0.234773,0.203441,0.208445,1799.46
2026-05-04 21:30:34,1704563401,0.208736,0.222033,0.197154,0.197154,1449.86
2026-05-04 21:30:34,1704563701,0.196162,0.220579,0.195477,0.220579,1604.26
2026-05-04 21:30:35,1704564001,0.220629,0.224489,0.185202,0.191724,1295.92
2026-05-04 21:30:36,1704564301,0.192786,0.194366,0.177015,0.182293,1292.18
2026-05-04 21:30:36,1704564601,0.183363,0.194981,0.1687,0.18813,1175.03
2026-05-04 21:30:37,1704564901,0.18923,0.198793,0.182959,0.198037,1524.23
2026-05-04 21:30:38,1704565201,0.197929,0.206775,0.190021,0.195571,1080.02
2026-05-04 21:30:39,1704565501,0.196847,0.211588,0.191004,0.211472,2055.57
2026-05-04 21:30:39,1704565801,0.211835,0.219715,0.195951,0.200439,1367.36
2026-05-04 21:30:40,1704566101,0.1999,0.226508,0.197734,0.220337,1235.93
2026-05-04 21:30:41,1704566401,0.220128,0.221383,0.20497,0.21463,813.46
2026-05-04 21:30:41,1704566701,0.216037,0.223407,0.201641,0.207338,1531.76
2026-05-04 21:30:42,1704567001,0.206122,0.21389,0.200275,0.211339,1755.68
2026-05-04 21:30:43,1704567301,0.213441,0.214761,0.199865,0.211536,1487.23
2026-05-04 21:30:43,1704567601,0.212325,0.213501,0.188985,0.19096,1779.56
2026-05-04 21:30:44,1704567901,0.192139,0.218922,0.192034,0.210005,1793.8
2026-05-04 21:30:45,1704568201,0.209959,0.223042,0.198197,0.215576,1231.01
2026-05-04 21:30:46,1704568501,0.214829,0.227237,0.208502,0.220849,1296.16
2026-05-04 21:30:46,1704568801,0.218595,0.22641,0.203412,0.203848,2241.66
2026-05-04 21:30:47,1704569101,0.204091,0.210807,0.188826,0.198971,1749.69
2026-05-04 21:30:48,1704569401,0.200079,0.203157,0.167015,0.168503,2116.36
2026-05-04 21:30:48,1704569701,0.168952,0.174116,0.153234,0.161349,1306.61
2026-05-04 21:30:49,1704570001,0.161843,0.163111,0.14368,0.154644,1674.52
2026-05-04 21:30:50,1704570301,0.155791,0.167897,0.150625,0.151131,1597.19
2026-05-04 21:30:51,1704570601,0.151232,0.156894,0.145334,0.15533,1731.73
2026-05-04 21:30:51,1704570901,0.155601,0.165984,0.149272,0.160933,1527.9
2026-05-04 21:30:52,1704571201,0.161469,0.161469,0.150007,0.156161,1956.08
2026-05-04 21:30:53,1704571501,0.1551,0.166455,0.153339,0.155442,1726.53
2026-05-04 21:30:53,1704571801,0.154594,0.164823,0.151679,0.160373,1407.91
2026-05-04 21:30:54,1704572101,0.160589,0.179806,0.155344,0.178469,1942.54
2026-05-04 21:30:55,1704572401,0.178117,0.195878,0.17553,0.189238,1376.02
2026-05-04 21:30:55,1704572701,0.19018,0.193789,0.167622,0.18197,1502.34
2026-05-04 21:30:56,1704573001,0.18323,0.195945,0.18129,0.185388,1792.88
2026-05-04 21:30:57,1704573301,0.185832,0.209638,0.184519,0.209413,1865.48
2026-05-04 21:30:57,1704573601,0.208832,0.238959,0.208091,0.220692,2876.76
2026-05-04 21:30:58,1704573901,0.220814,0.249563,0.220361,0.247737,1964.44
2026-05-04 21:30:59,1704574201,0.247373,0.260253,0.234816,0.248367,2301.25
2026-05-04 21:31:00,1704574501,0.248181,0.251068,0.231122,0.23593,1725.94
2026-05-04 21:31:00,1704574801,0.233677,0.244629,0.226848,0.243522,1358.58
2026-05-04 21:31:01,1704575101,0.243528,0.257912,0.234705,0.256524,1710.59
2026-05-04 21:31:02,1704575401,0.256621,0.262831,0.247819,0.256701,1689.5
2026-05-04 21:31:02,1704575701,0.25707,0.265955,0.237035,0.243876,2169.59
2026-05-04 21:31:03,1704576001,0.243911,0.249658,0.209871,0.214017,1542.36
2026-05-04 21:31:04,1704576301,0.213193,0.222371,0.207396,0.217807,1633.46
2026-05-04 21:31:04,1704576601,0.217362,0.228029,0.205229,0.206556,1793.71
2026-05-04 21:31:05,1704576901,0.206387,0.208378,0.189821,0.190454,2341.2
2026-05-04 21:31:06,1704577201,0.189888,0.218324,0.189074,0.218324,1305.1
2026-05-04 21:31:07,1704577501,0.218167,0.220223,0.204764,0.210536,1590.07
2026-05-04 21:31:08,1704577801,0.210207,0.244568,0.210207,0.225166,2060.41
2026-05-04 21:31:08,1704578101,0.224618,0.227204,0.208184,0.22043,1097.67
2026-05-04 21:31:09,1704578401,0.219841,0.248856,0.20805,0.236416,1462.89
2026-05-04 21:31:10,1704578701,0.23479,0.238802,0.22271,0.228073,1389.51
2026-05-04 21:31:11,1704579001,0.228198,0.254683,0.220476,0.24578,2472.81
2026-05-04 21:31:11,1704579301,0.245809,0.247462,0.226955,0.231366,1450.31
2026-05-04 21:31:12,1704579601,0.232163,0.242254,0.219253,0.239498,1811.0
2026-05-04 21:31:13,1704579901,0.240148,0.244353,0.215198,0.223434,1595.93
2026-05-04 21:31:14,1704580201,0.224361,0.224361,0.197535,0.197535,1666.21
2026-05-04 21:31:14,1704580501,0.198417,0.208915,0.179711,0.208915,1755.76
2026-05-04 21:31:15,1704580801,0.208727,0.226908,0.197691,0.223265,1575.96
2026-05-04 21:31:16,1704581101,0.223104,0.235924,0.220642,0.227611,1505.81
2026-05-04 21:31:17,1704581401,0.22967,0.230103,0.213696,0.223566,2114.09
2026-05-04 21:31:18,1704581701,0.224173,0.234377,0.216572,0.220396,1585.32
2026-05-04 21:31:19,1704582001,0.220395,0.234726,0.212457,0.219787,1583.23
2026-05-04 21:31:20,1704582301,0.219594,0.221975,0.211986,0.214961,2180.58
2026-05-04 21:31:20,1704582601,0.213128,0.230045,0.202752,0.202752,1300.3
2026-05-04 21:31:21,1704582901,0.202421,0.219661,0.202421,0.214769,1980.28
2026-05-04 21:31:22,1704583201,0.215,0.248531,0.213934,0.248531,1114.62
2026-05-04 21:31:23,1704583501,0.248653,0.274727,0.237409,0.266428,1997.47
2026-05-04 21:31:24,1704583801,0.265414,0.289406,0.263807,0.287593,2032.14
2026-05-04 21:31:24,1704584101,0.286291,0.303529,0.271902,0.299828,2191.87
2026-05-04 21:31:25,1704584401,0.30051,0.312465,0.290678,0.29192,1424.91
2026-05-04 21:31:26,1704584701,0.294066,0.297933,0.266648,0.296203,1561.46
2026-05-04 21:31:27,1704585001,0.297563,0.305142,0.279537,0.304693,1859.9
2026-05-04 21:31:28,1704585301,0.302416,0.307114,0.284625,0.288035,2591.16
2026-05-04 21:31:29,1704585601,0.28685,0.315483,0.279891,0.299042,1670.85
2026-05-04 21:31:30,1704585901,0.299354,0.304211,0.281059,0.281059,2358.85
2026-05-04 21:31:30,1704586201,0.28083,0.29548,0.268591,0.287332,1645.89
2026-05-04 21:31:31,1704586501,0.285786,0.299795,0.275187,0.293562,1616.77
2026-05-04 21:31:32,1704586801,0.294457,0.316823,0.276006,0.311468,1328.7
2026-05-04 21:31:33,1704587101,0.310778,0.317133,0.292796,0.29832,1889.51
2026-05-04 21:31:34,1704587401,0.298828,0.329968,0.293304,0.300506,1676.92
2026-05-04 21:31:34,1704587701,0.299765,0.340663,0.299738,0.327317,1340.56
2026-05-04 21:31:35,1704588001,0.327277,0.385687,0.323987,0.384074,1856.37
2026-05-04 21:31:36,1704588301,0.383775,0.420497,0.378547,0.408481,2068.84
2026-05-04 21:31:37,1704588601,0.409714,0.412954,0.362856,0.389854,2252.49
2026-05-04 21:31:37,1704588901,0.389478,0.396649,0.358486,0.358486,1581.74
2026-05-04 21:31:38,1704589201,0.358514,0.371245,0.326887,0.338915,1445.43
2026-05-04 21:31:39,1704589501,0.337976,0.346904,0.301658,0.313014,2243.46
2026-05-04 21:31:40,1704589801,0.314946,0.319127,0.278692,0.301112,1642.36
2026-05-04 21:31:40,1704590101,0.300939,0.32195,0.300136,0.303959,1698.58
2026-05-04 21:31:41,1704590401,0.303631,0.317552,0.289275,0.313353,1814.57
2026-05-04 21:31:42,1704590701,0.310367,0.348173,0.303785,0.347735,1088.78
2026-05-04 21:31:43,1704591001,0.347041,0.363656,0.343428,0.349194,1208.28
2026-05-04 21:31:43,1704591301,0.347296,0.350443,0.302696,0.309828,1865.3
2026-05-04 21:31:44,1704591601,0.311269,0.315908,0.275686,0.27662,1002.22
2026-05-04 21:31:45,1704591901,0.277076,0.28258,0.253966,0.268341,1501.18
2026-05-04 21:31:45,1704592201,0.269679,0.269679,0.249958,0.261925,1483.65
2026-05-04 21:31:46,1704592501,0.261362,0.2857,0.256249,0.285161,1424.23
2026-05-04 21:31:47,1704592801,0.285269,0.289702,0.270587,0.274147,1209.93
2026-05-04 21:31:47,1704593101,0.272804,0.296679,0.267058,0.294643,1237.81
2026-05-04 21:31:48,1704593401,0.292674,0.292674,0.26472,0.274592,1649.39
2026-05-04 21:31:49,1704593701,0.274137,0.287133,0.254753,0.280407,1668.88
2026-05-04 21:31:50,1704594001,0.279965,0.284829,0.247371,0.259033,1706.92
2026-05-04 21:31:50,1704594301,0.259547,0.261068,0.230062,0.234258,1486.39
2026-05-04 21:31:51,1704594601,0.2332,0.248929,0.232707,0.246986,1990.14
2026-05-04 21:31:52,1704594901,0.245943,0.24713,0.215933,0.21751,1389.89
2026-05-04 21:31:52,1704595201,0.218397,0.245772,0.210685,0.234497,1420.36
2026-05-04 21:31:53,1704595501,0.234262,0.234326,0.202392,0.204103,2057.42
2026-05-04 21:31:54,1704595801,0.203926,0.205605,0.18953,0.192683,2022.85
2026-05-04 21:31:55,1704596101,0.194573,0.200372,0.177882,0.195173,1272.66
2026-05-04 21:31:55,1704596401,0.195422,0.19622,0.180718,0.183039,1402.25
2026-05-04 21:31:56,1704596701,0.18503,0.194003,0.176746,0.187238,1539.52
2026-05-04 21:31:57,1704597001,0.185973,0.198641,0.180284,0.184347,1903.16
2026-05-04 21:31:57,1704597301,0.183551,0.184591,0.170834,0.174942,1943.95
2026-05-04 21:31:58,1704597601,0.175451,0.193137,0.17207,0.189513,1521.55
2026-05-04 21:31:59,1704597901,0.190105,0.192415,0.174437,0.176487,1652.21
2026-05-04 21:31:59,1704598201,0.175306,0.17619,0.159871,0.162067,1342.65
2026-05-04 21:32:00,1704598501,0.162843,0.163685,0.146717,0.15325,1426.13
2026-05-04 21:32:01,1704598801,0.153836,0.164152,0.151332,0.160558,1881.75
2026-05-04 21:32:01,1704599101,0.159952,0.165504,0.15664,0.16113,1543.49
2026-05-04 21:32:02,1704599401,0.160902,0.173584,0.149318,0.154304,2094.91
2026-05-04 21:32:03,1704599701,0.153704,0.157824,0.145881,0.147596,2026.52
2026-05-04 21:32:03,1704600001,0.146787,0.151059,0.14194,0.145093,1493.36
2026-05-04 21:32:04,1704600301,0.144464,0.14826,0.135489,0.135748,1687.77
2026-05-04 21:32:05,1704600601,0.136057,0.144611,0.128803,0.142762,2167.42
2026-05-04 21:32:06,1704600901,0.143703,0.14548,0.130227,0.131465,1598.09
2026-05-04 21:32:06,1704601201,0.131671,0.146513,0.131215,0.13586,1087.03
2026-05-04 21:32:07,1704601501,0.135719,0.136412,0.121281,0.122246,1529.65
2026-05-04 21:32:08,1704601801,0.123646,0.13728,0.121321,0.134215,1465.9
2026-05-04 21:32:08,1704602101,0.134014,0.142074,0.126908,0.132038,1621.68
2026-05-04 21:32:09,1704602401,0.131183,0.133955,0.120875,0.123112,2360.82
2026-05-04 21:32:10,1704602701,0.122925,0.128844,0.119351,0.123008,1651.26
2026-05-04 21:32:10,1704603001,0.122965,0.12414,0.112547,0.119077,1409.59
2026-05-04 21:32:11,1704603301,0.11928,0.124187,0.113053,0.123509,2119.94
2026-05-04 21:32:12,1704603601,0.124581,0.135598,0.121496,0.130648,1372.87
2026-05-04 21:32:12,1704603901,0.130462,0.132572,0.110313,0.110313,1545.67
2026-05-04 21:32:13,1704604201,0.110479,0.117143,0.107324,0.112046,2151.88
2026-05-04 21:32:14,1704604501,0.112431,0.123176,0.10815,0.121644,1624.24
2026-05-04 21:32:14,1704604801,0.121575,0.12664,0.119699,0.122124,1593.88
2026-05-04 21:32:15,1704605101,0.122193,0.131491,0.117703,0.129077,1915.8
2026-05-04 21:32:16,1704605401,0.128721,0.151972,0.123839,0.148955,1173.17
2026-05-04 21:32:17,1704605701,0.149704,0.158533,0.139929,0.157501,1835.33
2026-05-04 21:32:17,1704606001,0.157698,0.160232,0.146794,0.153028,1922.22
2026-05-04 21:32:18,1704606301,0.153029,0.153326,0.141532,0.142806,2670.45
2026-05-04 21:32:19,1704606601,0.141799,0.170116,0.141194,0.167168,1905.96
2026-05-04 21:32:19,1704606901,0.166888,0.166888,0.148238,0.158608,1412.88
2026-05-04 21:32:20,1704607201,0.157331,0.163533,0.142732,0.147128,1972.69
2026-05-04 21:32:21,1704607501,0.14667,0.156782,0.136256,0.13979,1880.38
2026-05-04 21:32:21,1704607801,0.139552,0.148091,0.122107,0.131561,1872.66
2026-05-04 21:32:22,1704608101,0.130796,0.150081,0.126166,0.141545,2164.35
2026-05-04 21:32:23,1704608401,0.142751,0.142751,0.123581,0.1273,1577.95
2026-05-04 21:32:24,1704608701,0.126951,0.127975,0.11272,0.115491,1372.67
2026-05-04 21:32:24,1704609001,0.114977,0.125505,0.112365,0.12121,1775.87
2026-05-04 21:32:25,1704609301,0.121029,0.123673,0.114092,0.123439,1680.4
2026-05-04 21:32:25,1704609601,0.12365,0.124926,0.112179,0.115229,2314.21
2026-05-04 21:32:26,1704609901,0.115768,0.119436,0.109967,0.112852,1521.95
2026-05-04 21:32:27,1704610201,0.112866,0.113529,0.101427,0.109105,1734.26
2026-05-04 21:32:28,1704610501,0.108215,0.110814,0.104616,0.110634,1144.53
2026-05-04 21:32:28,1704610801,0.110666,0.113742,0.104936,0.113742,1817.2
2026-05-04 21:32:29,1704611101,0.113574,0.115064,0.1,0.1,1316.43
2026-05-04 21:32:30,1704611401,0.1,0.112696,0.1,0.109329,1977.29
2026-05-04 21:32:30,1704611701,0.108899,0.114065,0.1,0.104052,2348.59
2026-05-04 21:32:31,1704612001,0.104319,0.104845,0.1,0.100976,1452.96
2026-05-04 21:32:32,1704612301,0.100951,0.111244,0.1,0.105953,1921.1
2026-05-04 21:32:32,1704612601,0.105854,0.108666,0.1,0.102124,2197.84
2026-05-04 21:32:33,1704612901,0.101931,0.105325,0.1,0.105325,1517.6
2026-05-04 21:32:34,1704613201,0.105384,0.109625,0.101132,0.103553,1712.59
2026-05-04 21:32:34,1704613501,0.103397,0.110016,0.1,0.101841,2489.95
2026-05-04 21:32:35,1704613801,0.102202,0.105589,0.1,0.104744,1438.56
2026-05-04 21:32:36,1704614101,0.104271,0.105444,0.1,0.102581,1583.87
2026-05-04 21:32:37,1704614401,0.102202,0.106166,0.1,0.100721,2304.65
2026-05-04 21:36:55,1704614701,0.100462,0.105559,0.1,0.103773,1525.89
2026-05-04 21:42:01,1704615001,0.103688,0.123192,0.103688,0.121496,1793.52
2026-05-04 21:47:06,1704615301,0.121475,0.121475,0.112058,0.115841,1805.5
2026-05-04 21:52:11,1704615601,0.116378,0.117212,0.103857,0.103857,1421.14
2026-05-04 21:57:17,1704615901,0.103515,0.109158,0.101545,0.108188,1661.84
2026-05-04 22:02:22,1704616201,0.107519,0.113257,0.103727,0.107801,1263.17
2026-05-04 22:07:28,1704616501,0.108538,0.112472,0.102023,0.102327,1905.13
2026-05-04 22:12:34,1704616801,0.1023,0.10497,0.1,0.102254,1320.38
2026-05-04 22:17:40,1704617101,0.101486,0.104962,0.1,0.100683,1060.32
2026-05-04 22:22:47,1704617401,0.100326,0.108502,0.1,0.104948,1548.17
2026-05-04 22:27:52,1704617701,0.10489,0.10489,0.1,0.101139,1559.75
2026-05-04 22:32:58,1704618001,0.101712,0.113401,0.1,0.108598,1900.02
2026-05-04 22:38:03,1704618301,0.108673,0.109408,0.101699,0.102302,1454.23
